id	title	description	link	image_link	additional_image_link	availability	price	condition	brand	shipping	google_product_category	product_type
T-001	Washed cotton duvet cover set — khaki linen, twin, 3 pieces	A twin washed-cotton duvet cover set in khaki linen, with a soft linen-like texture and relaxed wrinkle. 100% washed cotton with linen-like texture — khaki linen color. Twin set: 1 duvet cover (68" x 90") + 2 pillowcases (20" x 26"); insert not included. Hidden zipper and four corner ties; machine wash cold, tumble low. Machine wash cold; tumble low. Follow care label.	https://www.northroomhome.com/product.html?title=Washed%20cotton%20duvet%20cover%20set%20%E2%80%94%20khaki%20linen%2C%20twin	https://www.northroomhome.com/images/catalog/T-001_0.jpg?v=20260925	https://www.northroomhome.com/images/catalog/T-001_1.jpg,https://www.northroomhome.com/images/catalog/T-001_2.jpg,https://www.northroomhome.com/images/catalog/T-001_3.jpg,https://www.northroomhome.com/images/catalog/T-001_4.jpg,https://www.northroomhome.com/images/catalog/T-001_5.jpg	in_stock	81.00 USD	new	Northroom	US:::0.00 USD	2541	Home > Textile
T-002	Lightweight stonewashed linen sofa throw — natural, 1 piece	Lightweight stonewashed linen sofa throw Color: natural. Includes: 1 piece. Material: linen.	https://www.northroomhome.com/product.html?title=Lightweight%20stonewashed%20linen%20sofa%20throw%20%E2%80%94%20natural	https://cdn.shopify.com/s/files/1/0721/4009/5794/products/Linen_20throw_20stonewashed_20kai.jpg?v=1675869292	https://cdn.shopify.com/s/files/1/0721/4009/5794/products/Linen_20throw_20stonewashed_20kai_201.jpg?v=1675869292,https://cdn.shopify.com/s/files/1/0721/4009/5794/products/Linen_20throw_20stonewashed_20kai_202.jpg?v=1675869292,https://cdn.shopify.com/s/files/1/0721/4009/5794/products/Linen_20throw_20stonewashed_20kai_203.jpg?v=1675869292,https://cdn.shopify.com/s/files/1/0721/4009/5794/products/Linen_20throw_20stonewashed_20kai_2011.jpg?v=1675869292,https://cdn.shopify.com/s/files/1/0721/4009/5794/products/Linen_20throw_20stonewashed_20kai_2012.jpg?v=1675869292	in_stock	39.25 USD	new	Northroom	US:::5.99 USD	1985	Home > Textile
T-004	Linen-blend Roman shade panel — sage green, 1 piece	Linen-blend Roman shade panel Color: sage green. Includes: 1 piece. Material: linen.	https://www.northroomhome.com/product.html?title=Linen-blend%20Roman%20shade%20panel%20%E2%80%94%20sage%20green	https://cdn.shopify.com/s/files/1/0079/8156/4002/files/3HLinen_Roman_Shades_for_Kitchen_c546349b-6df4-4200-b93f-6def59f7f8e7.png?v=1747895198	https://cdn.shopify.com/s/files/1/0079/8156/4002/files/3HLinen_Roman_Shades_for_Kitchen.png?v=1747895198,https://cdn.shopify.com/s/files/1/0079/8156/4002/files/3HLinen_Linen_Classic_Roman_Shade.png?v=1774620364,https://cdn.shopify.com/s/files/1/0079/8156/4002/files/3HLinen_Linen_Relaxed_Roman_Shade.png?v=1774620364,https://cdn.shopify.com/s/files/1/0079/8156/4002/files/Roman_Shades_Metal_Cord.jpg?v=1775036377,https://cdn.shopify.com/s/files/1/0079/8156/4002/files/Roman_Shades_Plastic_Cord.png?v=1775036377	in_stock	78.99 USD	new	Northroom	US:::0.00 USD	2885	Home > Textile
T-005	Organic cotton herringbone throw — navy, 1 piece	Organic cotton herringbone throw Color: navy. Includes: 1 piece. Material: cotton.	https://www.northroomhome.com/product.html?title=Organic%20cotton%20herringbone%20throw%20%E2%80%94%20navy	https://m.media-amazon.com/images/I/815Zu8vSH7L.jpg	https://m.media-amazon.com/images/I/91ik2FvmlAL.jpg,https://m.media-amazon.com/images/I/81lQWuuDi3L.jpg,https://m.media-amazon.com/images/I/71N+GLzUQaL.jpg,https://m.media-amazon.com/images/I/71p8paWouvL.jpg,https://m.media-amazon.com/images/I/81YsLoZcvpL.jpg	in_stock	42.15 USD	new	Northroom	US:::5.99 USD	1985	Home > Textile
T-006	Cotton waffle euro sham covers — linen tone, pair, 2 pieces	Waffle cotton euro shams that add quiet texture behind your sleeping pillows. Includes: 2 pieces. Soft cotton waffle weave in a linen-tone color. Sold as a pair for a finished bed. Removable covers — wash as needed. Calm texture without pattern noise. Cotton waffle. Machine wash cold; tumble low. Softens with washing. Avoid high heat that can tighten the waffle.	https://www.northroomhome.com/product.html?title=Cotton%20waffle%20euro%20sham%20covers%20%E2%80%94%20linen%20tone%2C%20pair	https://cdn.shopify.com/s/files/1/0968/8691/5390/files/NP_PDP_Bedding_OrganicCottonWaffleShams_List-1.jpg?v=1783363408	https://cdn.shopify.com/s/files/1/0968/8691/5390/files/NP_PDP_Bedding_OrganicCottonWaffleShams_List-2.jpg?v=1783363408,https://cdn.shopify.com/s/files/1/0968/8691/5390/files/NP_PDP_Bedding_Waffle-Shams_Arctic-Snow.jpg?v=1783363467,https://cdn.shopify.com/s/files/1/0968/8691/5390/files/NP_PDP_Bedding_Waffle-Shams_Cream.jpg?v=1783363481,https://cdn.shopify.com/s/files/1/0968/8691/5390/files/NP_PDP_Bedding_Waffle-Shams_Harbor-Island.jpg?v=1783363493	in_stock	25.00 USD	new	Northroom	US:::5.99 USD	2927	Home > Textile
T-008	Ribbed soft throw — milky white, 1 piece	A soft ribbed throw in milky white for the sofa or bed. Milky white ribbed soft throw. Size 100×150 cm (approx throw). Soft fleece rib texture; machine-wash friendly care. Machine-wash friendly; follow care on the label.	https://www.northroomhome.com/product.html?title=Ribbed%20soft%20throw%20%E2%80%94%20milky%20white	https://www.northroomhome.com/images/catalog/T-008_0.jpg	https://www.northroomhome.com/images/catalog/T-008_1.jpg,https://www.northroomhome.com/images/catalog/T-008_2.jpg,https://www.northroomhome.com/images/catalog/T-008_3.jpg,https://www.northroomhome.com/images/catalog/T-008_4.jpg,https://www.northroomhome.com/images/catalog/T-008_5.jpg	in_stock	26.99 USD	new	Northroom	US:::5.99 USD	1985	Home > Textile
T-009	Bouclé accent cushion cover — ivory, 1 piece	An ivory bouclé cover for one soft spot of texture on the sofa. Color: ivory. Soft bouclé face in ivory. Removable cover for washing. One accent is enough — quiet, not busy. Bouclé cover. Spot clean or gentle wash as labeled; air dry when possible so the loop texture stays soft. Insert sold separately.	https://www.northroomhome.com/product.html?title=Boucl%C3%A9%20accent%20cushion%20cover%20%E2%80%94%20ivory	https://cdn.shopify.com/s/files/1/2029/5329/files/Screenshot_2026-03-16_at_10.41.46_PM.png?v=1773715358	https://cdn.shopify.com/s/files/1/2029/5329/files/Screen_Shot_2026-03-14_at_8.21.13_PM.png?v=1773715358,https://cdn.shopify.com/s/files/1/2029/5329/files/Screen_Shot_2026-03-14_at_9.02.49_PM.png?v=1773715358,https://cdn.shopify.com/s/files/1/2029/5329/files/MALABAR_GREEN_INSPO.png?v=1779594343,https://cdn.shopify.com/s/files/1/2029/5329/files/IVORY_LINEN_BACKING.png?v=1782267745	in_stock	20.00 USD	new	Northroom	US:::5.99 USD	4454	Home > Textile
T-010	Four-layer cotton gauze blanket — soft stone, 1 piece	A breathable four-layer cotton gauze blanket for light, year-round layering. Includes: 1 blanket. Color: soft stone. Four-layer cotton gauze (muslin-style) in soft stone. Light and breathable — not a heavy winter blanket. Softens with washing. Easy fold for the sofa or bed. Cotton gauze. Machine wash cold gentle; tumble low or line dry. Gets softer over time. Avoid bleach.	https://www.northroomhome.com/product.html?title=Four-layer%20cotton%20gauze%20blanket%20%E2%80%94%20soft%20stone	https://cdn.shopify.com/s/files/1/0641/8432/0224/files/IMG_1358_1.jpg?v=1773712669	https://cdn.shopify.com/s/files/1/0641/8432/0224/files/IMG_1407_1_1.jpg?v=1773712669,https://cdn.shopify.com/s/files/1/0641/8432/0224/files/IMG_1361_1.jpg?v=1773712669,https://cdn.shopify.com/s/files/1/0641/8432/0224/files/IMG_9305_1.jpg?v=1773712669,https://cdn.shopify.com/s/files/1/0641/8432/0224/files/IMG_1368_1.jpg?v=1773712669,https://cdn.shopify.com/s/files/1/0641/8432/0224/files/IMG_1367_1.jpg?v=1773712669	in_stock	31.00 USD	new	Northroom	US:::5.99 USD	1985	Home > Textile
T-012	Stonewashed cotton percale sheet set — warm grey, 1 set	Stonewashed cotton percale in warm grey — crisp, then soft, without looking stiff. Color: warm grey. Cotton percale with a stonewashed finish. Warm grey tone — quieter than bright white. Breathable sheet set for everyday sleep. Easy to mix with linen layers. Cotton percale. Machine wash cold gentle; tumble low or line dry. Softens with washes. Skip bleach.	https://www.northroomhome.com/product.html?title=Stonewashed%20cotton%20percale%20sheet%20set%20%E2%80%94%20warm%20grey	https://cdn.shopify.com/s/files/1/0438/1069/files/CZ_Stonewashed_Percale_Terracotta_03_Sheet_Set_5f136d7e-a636-4b25-8b58-e6df1f998135.jpg?v=1775520535	https://cdn.shopify.com/s/files/1/0438/1069/files/Stonewashed_Organic_Cotton_Percale_Sheet_Set_Olive_1.jpg?v=1753817692,https://cdn.shopify.com/s/files/1/0438/1069/files/Stonewashed_Organic_Cotton_Percale_Sheet_Set_Olive_3.jpg?v=1753817692,https://cdn.shopify.com/s/files/1/0438/1069/files/Stonewashed_Organic_Cotton_Percale_Sheet_Set_Olive_2_0deb3615-b353-4714-8ece-f4d9e3db601d.jpg?v=1753817692,https://cdn.shopify.com/s/files/1/0438/1069/files/Stonewashed_Organic_Cotton_Percale_Sheet_Set_Warm_Grey_1.jpg?v=1753817692,https://cdn.shopify.com/s/files/1/0438/1069/files/Stonewashed_Organic_Cotton_Percale_Sheet_Set_Warm_Grey_2_3818dd11-684e-48e7-93ea-7c5704f80d6d.jpg?v=1753817692	in_stock	53.00 USD	new	Northroom	US:::0.00 USD	2314	Home > Textile
T-017	Cotton velvet lumbar cover — matte clay, 1 piece	A matte clay cotton velvet lumbar cover — soft color, low shine. Color: matte clay. Cotton velvet with a matte, not glossy, face. Clay tone for quiet warmth on a sofa or bed. Lumbar shape for a single low accent. Cover only — insert not included. Cotton velvet. Spot clean when you can; otherwise follow the care tag. Avoid high heat. Brush the nap gently if it flattens.	https://www.northroomhome.com/product.html?title=Cotton%20velvet%20lumbar%20cover%20%E2%80%94%20matte%20clay	https://cdn.shopify.com/s/files/1/0875/8136/0420/files/terracotta-velvet-pillow-cover-front-view.webp?v=1766694592	https://cdn.shopify.com/s/files/1/0875/8136/0420/files/terracotta-decorative-pillow-on-sofa-styled_99e23279-ff58-4b47-b389-a8553c2176e5.webp?v=1766694592,https://cdn.shopify.com/s/files/1/0875/8136/0420/files/terracotta-euro-sham-angled-perspective.webp?v=1766694592,https://cdn.shopify.com/s/files/1/0875/8136/0420/files/terracotta-velvet-cushion-cover-closeup.webp?v=1766694592,https://cdn.shopify.com/s/files/1/0875/8136/0420/files/terracotta-throw-pillow-zipper-detail.webp?v=1766694592	in_stock	18.00 USD	new	Northroom	US:::5.99 USD	4454	Home > Textile
T-018	Stonewashed linen pillowcase pair — eucalyptus green, 2 pieces	Stonewashed linen pillowcases in eucalyptus green — a soft tonal shift on a quiet bed. Includes: 2 pieces. Color: eucalyptus green. Stonewashed linen with a lived-in hand. Eucalyptus green — calm, not bright. Sold as a pair. Easy swap for seasonal layering. Linen. Machine wash cold gentle; tumble low or line dry. Wrinkles are expected. Avoid bleach.	https://www.northroomhome.com/product.html?title=Stonewashed%20linen%20pillowcase%20pair%20%E2%80%94%20eucalyptus%20green	https://cdn.shopify.com/s/files/1/0894/5382/files/Pillowcases_SAGE_Stacked_2.jpg?v=1786604750	https://cdn.shopify.com/s/files/1/0894/5382/files/Pillowcases_SAGE_Styled_on_Bed.jpg?v=1786604749,https://cdn.shopify.com/s/files/1/0529/3283/7562/files/sage-linen-pillowcasepillowcases-6604099.jpg?v=1764230705,https://cdn.shopify.com/s/files/1/0529/3283/7562/files/sage-linen-pillowcasepillowcases-5937630.jpg?v=1764230705	in_stock	22.00 USD	new	Northroom	US:::5.99 USD	2927	Home > Textile
T-020	Reversible washed cotton duvet shell — stripe reverse, 1 piece	A washed cotton duvet shell you can flip — solid one day, soft stripe the next. Color: stripe reverse. Washed cotton shell with a stripe reverse. Two looks without buying two covers. Soft hand from the wash finish. Insert not included. Washed cotton. Machine wash cold gentle; tumble low or line dry. Avoid bleach. Soft wrinkles are normal.	https://www.northroomhome.com/product.html?title=Reversible%20washed%20cotton%20duvet%20shell%20%E2%80%94%20stripe%20reverse	https://cdn.shopify.com/s/files/1/1211/9722/products/21T011004-FARMHOUSE-STRIPE-3-PC-BLACK-DUVET-KING-194938037440.jpg?v=1763167347	https://cdn.shopify.com/s/files/1/1211/9722/products/16T005984-FARMHOUSE-STRIPE-3-PC-GRAY-DUVET-FULL-QUEEN-194938002554.jpg?v=1763167347,https://cdn.shopify.com/s/files/1/1211/9722/products/16T005986-FARMHOUSE-STRIPE-3-PC-BLUE-DUVET-FULL-QUEEN-194938002578.jpg?v=1763167347,https://cdn.shopify.com/s/files/1/1211/9722/products/21T013450-FARMHOUSE-STRIPE-2-PC-BLUE-DUVET-COVER-TWIN-XL-194938056526.jpg?v=1763167347,https://cdn.shopify.com/s/files/1/1211/9722/products/16T005984-FARMHOUSE-STRIPE-3-PC-GRAY-DUVET-FULL-QUEEN-194938002554-ALT-1.jpg?v=1763167348,https://cdn.shopify.com/s/files/1/1211/9722/products/16T005986-FARMHOUSE-STRIPE-3-PC-BLUE-DUVET-FULL-QUEEN-194938002578-ALT-1.jpg?v=1763167347	in_stock	48.00 USD	new	Northroom	US:::5.99 USD	2541	Home > Textile
T-021	Seersucker cotton sham set — soft stripe, 1 set	Seersucker cotton shams with a soft stripe for light, textured bedding. Cotton seersucker with a soft stripe. Light texture that stays calm. Sold as a sham set. Removable covers; inserts not included. Cotton seersucker. Machine wash cold; tumble low.	https://www.northroomhome.com/product.html?title=Seersucker%20cotton%20sham%20set%20%E2%80%94%20soft%20stripe	https://cdn.shopify.com/s/files/1/0921/3126/2737/files/136698.jpg?v=1748711215	https://cdn.shopify.com/s/files/1/0921/3126/2737/files/136699.jpg?v=1748711215,https://cdn.shopify.com/s/files/1/0921/3126/2737/files/136700.jpg?v=1748711215,https://cdn.shopify.com/s/files/1/0921/3126/2737/files/136701.jpg?v=1748711215,https://cdn.shopify.com/s/files/1/0921/3126/2737/files/136702.jpg?v=1748711215,https://cdn.shopify.com/s/files/1/0921/3126/2737/files/137225.jpg?v=1748711272	in_stock	27.00 USD	new	Northroom	US:::5.99 USD	2927	Home > Textile
T-023	Linen tea towel trio — tonal neutrals, 3 pieces	Three linen tea towels in tonal neutrals for everyday kitchen work. Includes: 3 pieces. Linen tea towels in a tonal neutral mix. Absorbent and sturdy for drying and covering. Trio set — ready for daily rotation. Linen. Machine wash cold; tumble low or hang. Softens with use. No bleach.	https://www.northroomhome.com/product.html?title=Linen%20tea%20towel%20trio%20%E2%80%94%20tonal%20neutrals	https://cdn.shopify.com/s/files/1/0640/8454/1699/files/linen-tea-towel-set-of-3-in-caramel-4.jpg?v=1782978209	https://cdn.shopify.com/s/files/1/0640/8454/1699/files/linen-tea-towel-set-of-3-in-caramel-1.jpg?v=1782978209,https://cdn.shopify.com/s/files/1/0640/8454/1699/files/linen-tea-towel-set-of-3-in-caramel-3.jpg?v=1782978209,https://cdn.shopify.com/s/files/1/0640/8454/1699/products/linen-tea-towel-13.jpg?v=1674651564,https://cdn.shopify.com/s/files/1/0640/8454/1699/files/linen-tea-towel-in-natural-linen.jpg?v=1740993351,https://cdn.shopify.com/s/files/1/0640/8454/1699/files/linen-tea-towel-in-latte-1.jpg?v=1694068271	in_stock	19.00 USD	new	Northroom	US:::5.99 USD	4257	Home > Textile
T-024	Textured jacquard cushion covers — bone diamond, pair, 2 pieces	Bone diamond jacquard cushion covers, sold as a pair. Includes: 2 pieces. Textured jacquard. Bone diamond. Sold as a pair. Spot clean or gentle wash if the label allows. Air dry. Avoid high heat.	https://www.northroomhome.com/product.html?title=Textured%20jacquard%20cushion%20covers%20%E2%80%94%20bone%20diamond%2C%20pair	https://cdn.shopify.com/s/files/1/0696/9344/0299/files/62.png?v=1727122569	https://cdn.shopify.com/s/files/1/0696/9344/0299/files/70.png?v=1727122570,https://cdn.shopify.com/s/files/1/0696/9344/0299/files/68.png?v=1727122569,https://cdn.shopify.com/s/files/1/0696/9344/0299/files/65.png?v=1727122569,https://cdn.shopify.com/s/files/1/0696/9344/0299/files/Lushlyf-Diamond-Ivory-Tufted-Cushion-Cover-img1_9.png?v=1727176345,https://cdn.shopify.com/s/files/1/0696/9344/0299/files/Lushlyf-Diamond-Ivory-Tufted-Cushion-Cover-img1_11.png?v=1727176345	in_stock	24.00 USD	new	Northroom	US:::5.99 USD	4454	Home > Textile
T-025	Washed linen bed skirt — natural pleat, 1 piece	A washed linen bed skirt in natural with a simple pleat. Color: natural pleat. Washed linen feel in a natural tone. Simple pleat that hangs clean. Softens the bed base without shine. Wash cold on gentle when the label allows. Low dry or air dry. Linen softens with washes.	https://www.northroomhome.com/product.html?title=Washed%20linen%20bed%20skirt%20%E2%80%94%20natural%20pleat	https://cdn.shopify.com/s/files/1/0641/8432/0224/files/20211021_12455.jpg?v=1718785388	https://cdn.shopify.com/s/files/1/0641/8432/0224/files/20211021_12401.jpg?v=1718785390,https://cdn.shopify.com/s/files/1/0641/8432/0224/files/20211021_12451.jpg?v=1718785457,https://cdn.shopify.com/s/files/1/0641/8432/0224/files/20211021_12526.jpg?v=1718785388,https://cdn.shopify.com/s/files/1/0641/8432/0224/files/20211021_12431.jpg?v=1718785390,https://cdn.shopify.com/s/files/1/0641/8432/0224/files/20211021_12433.jpg?v=1718785390	in_stock	33.00 USD	new	Northroom	US:::5.99 USD	2974	Home > Textile
T-026	Stonewashed linen duvet insert cover — mist grey, 1 piece	Soft bedding that looks lived-in from day one. Color: mist grey. Stonewashed linen. Soft hand for everyday use. Calm color for cream and stone rooms. Machine wash cold on gentle when the label allows. Tumble low or line dry. Linen wrinkles — that is the look. Avoid bleach.	https://www.northroomhome.com/product.html?title=Stonewashed%20linen%20duvet%20insert%20cover%20%E2%80%94%20mist%20grey	https://cdn.shopify.com/s/files/1/0640/8454/1699/products/light-gray-linen-duvet-cover-1.jpg?v=1661254200	https://cdn.shopify.com/s/files/1/0640/8454/1699/products/light-gray-linen-duvet-cover-2.jpg?v=1661254200,https://cdn.shopify.com/s/files/1/0640/8454/1699/products/light-gray-linen-duvet-cover-3.jpg?v=1661254200,https://cdn.shopify.com/s/files/1/0640/8454/1699/products/light-gray-linen-duvet-cover-4.jpg?v=1661254200,https://cdn.shopify.com/s/files/1/0640/8454/1699/products/light-gray-linen-duvet-cover-5.jpg?v=1661254200,https://cdn.shopify.com/s/files/1/0640/8454/1699/products/light-gray-linen-duvet-cover-6.jpg?v=1661254200	in_stock	54.00 USD	new	Northroom	US:::0.00 USD	2541	Home > Textile
T-027	Heavyweight flax linen curtain pair — clay, 2 pieces	Heavy flax linen curtains in clay for a soft, grounded window. Includes: 2 pieces. Heavyweight flax linen in a clay / terracotta tone. Sold as a pair. Soft drape that filters glare without looking plastic. Machine wash cold on gentle when the label allows. Tumble low or line dry. Linen wrinkles — that is the look. Avoid bleach.	https://www.northroomhome.com/product.html?title=Heavyweight%20flax%20linen%20curtain%20pair%20%E2%80%94%20clay	https://cdn.shopify.com/s/files/1/0640/8454/1699/files/rod-pocket-linen-curtain-panel-in-clay-1.jpg	https://cdn.shopify.com/s/files/1/0640/8454/1699/files/rod-pocket-linen-curtain-panel-in-clay-2.jpg,https://cdn.shopify.com/s/files/1/0640/8454/1699/products/rod-pocket-linen-curtain-panel-in-cinnamon-1.jpg?v=1735633523,https://cdn.shopify.com/s/files/1/0640/8454/1699/products/rod-pocket-linen-curtain-panel-in-cinnamon-2.jpg?v=1735633523,https://cdn.shopify.com/s/files/1/0640/8454/1699/products/pencil-pleat-linen-curtain-panel-cinnamon-0.jpg?v=1735633549,https://cdn.shopify.com/s/files/1/0640/8454/1699/products/tie-top-linen-curtain-panel-in-cinnamon-1.jpg?v=1735633473	in_stock	53.00 USD	new	Northroom	US:::0.00 USD	2882	Home > Textile
T-028	Cotton gauze crib-to-sofa throw — cloud, 1 piece	A soft throw for cool evenings and quiet sofas. Color: cloud. Cotton gauze. Soft hand for everyday use. Calm color for cream and stone rooms. Machine wash cold on gentle when the label allows. Tumble low or line dry. Avoid bleach.	https://www.northroomhome.com/product.html?title=Cotton%20gauze%20crib-to-sofa%20throw%20%E2%80%94%20cloud	https://cdn.shopify.com/s/files/1/0641/8432/0224/files/8Y0A0072_b074ecef-7917-405d-92c4-fb123d19b62a.jpg?v=1773726867	https://cdn.shopify.com/s/files/1/0641/8432/0224/files/8Y0A0037_cd2efd9c-b639-42a5-afb9-b6db98b314f5.jpg?v=1773726867,https://cdn.shopify.com/s/files/1/0641/8432/0224/files/8Y0A0032_84f8feec-5535-4637-8f15-4d412885e003.jpg?v=1773726867,https://cdn.shopify.com/s/files/1/0641/8432/0224/files/8Y0A0068_a8bb80a5-6fc8-40d2-925b-132b7d2ccf61.jpg?v=1773726867,https://cdn.shopify.com/s/files/1/0641/8432/0224/files/8Y0A0069_5eabce2b-da10-495e-b261-5574c89cf634.jpg?v=1773726867,https://cdn.shopify.com/s/files/1/0641/8432/0224/files/81Ybw_rh0uL._AC_SL1500.jpg?v=1773726867	in_stock	29.00 USD	new	Northroom	US:::5.99 USD	1985	Home > Textile
T-029	Washed linen standard sham pair — oat, 2 pieces	Washed linen standard shams in oat, sold as a pair. Includes: 2 pieces. Color: oat. Washed linen. Standard sham pair. Oat / sand tone. Gentle wash. Line dry or low tumble. Linen softens with every wash.	https://www.northroomhome.com/product.html?title=Washed%20linen%20standard%20sham%20pair%20%E2%80%94%20oat	https://cdn.shopify.com/s/files/1/0438/1069/products/Stonewashed_Linen_Pillowcases_Sand_1_d46d5b07-98ab-4012-b8c8-6117bf470af9.jpg?v=1748529223	https://cdn.shopify.com/s/files/1/0438/1069/products/Stonewashed_Linen_Pillowcases_Sand_4.jpg?v=1742855971,https://cdn.shopify.com/s/files/1/0438/1069/products/Stonewashed_Linen_Pillowcases_Sand_6_7132a383-7126-4dcc-b717-075984789d1a.jpg?v=1742855971,https://cdn.shopify.com/s/files/1/0438/1069/products/Stonewashed_Linen_Pillowcases_Sand_2_96606247-1d6a-4d9c-b115-3aeb44bcb55c.jpg?v=1742855971,https://cdn.shopify.com/s/files/1/0438/1069/products/Stonewashed_Linen_Pillowcases_Sand_3_c1c9e034-1151-4616-899d-19fbab17ebf2.jpg?v=1748529223,https://cdn.shopify.com/s/files/1/0438/1069/products/Stonewashed_Linen_Pillowcases_Sand_7_867af6a5-f3c6-4d0a-a6be-ff1d4a9d81fe.jpg?v=1742855971	in_stock	30.00 USD	new	Northroom	US:::5.99 USD	2927	Home > Textile
T-030	Ribbed cotton bath mat — warm stone, 1 piece	Bath textiles with a soft hand and honest weight. Color: warm stone. Ribbed cotton. Soft hand for everyday use. Calm color for cream and stone rooms. Machine wash cold on gentle when the label allows. Tumble low or line dry. Avoid bleach.	https://www.northroomhome.com/product.html?title=Ribbed%20cotton%20bath%20mat%20%E2%80%94%20warm%20stone	https://cdn.shopify.com/s/files/1/0640/8454/1699/products/waffle-bath-mat-1.jpg?v=1660218628	https://cdn.shopify.com/s/files/1/0640/8454/1699/files/beige-waffle-bath-mat-1.jpg?v=1706486207,https://cdn.shopify.com/s/files/1/0640/8454/1699/files/beige-waffle-bath-mat-2.jpg?v=1706486207,https://cdn.shopify.com/s/files/1/0640/8454/1699/files/beige-waffle-bath-mat-3.jpg?v=1706486207,https://cdn.shopify.com/s/files/1/0640/8454/1699/files/waffle-bath-mat-in-beige.jpg?v=1706486207	in_stock	21.00 USD	new	Northroom	US:::5.99 USD	577	Home > Textile
T-031	Linen-blend blackout curtain panel — soft charcoal, 1 piece	A soft charcoal panel that darkens the room without harsh blackout plastic. Color: soft charcoal. Linen-blend with a soft blackout feel. Soft charcoal tone for bedrooms. Quieter sleep without a shiny liner look. Machine wash cold on gentle when the label allows. Tumble low or line dry. Avoid bleach and high heat on any lining.	https://www.northroomhome.com/product.html?title=Linen-blend%20blackout%20curtain%20panel%20%E2%80%94%20soft%20charcoal	https://cdn.shopify.com/s/files/1/0640/8454/1699/products/rod-pocket-linen-curtain-panel-in-charcoal-gray-1.jpg?v=1735633527	https://cdn.shopify.com/s/files/1/0640/8454/1699/products/rod-pocket-linen-curtain-panel-in-charcoal-gray-2.jpg?v=1735633527,https://cdn.shopify.com/s/files/1/0640/8454/1699/products/rod-pocket-linen-curtain-panel-in-charcoal-gray-3.jpg?v=1735633527,https://cdn.shopify.com/s/files/1/0640/8454/1699/products/tab-top-linen-curtain-panel-in-charcoal-gray-1.jpg?v=1735633501,https://cdn.shopify.com/s/files/1/0640/8454/1699/products/tab-top-linen-curtain-panel-in-charcoal-gray-2.jpg?v=1735633501,https://cdn.shopify.com/s/files/1/0640/8454/1699/products/blackout-linen-curtains-light-gray-1.jpg?v=1735633421	in_stock	50.00 USD	new	Northroom	US:::0.00 USD	2882	Home > Textile
T-032	Chunky bouclé lumbar cover — mushroom, 1 piece	A mushroom bouclé lumbar cover with quiet, soft texture. Color: mushroom. Chunky bouclé cover. Mushroom / warm beige tone. Lumbar proportion for sofa or bed. Gentle wash cold if allowed. Reshape flat to dry. Avoid snags from jewelry or pets.	https://www.northroomhome.com/product.html?title=Chunky%20boucl%C3%A9%20lumbar%20cover%20%E2%80%94%20mushroom	https://cdn.shopify.com/s/files/1/0462/7863/9766/files/soft-beige-boucle-pillow-lumbar_360x_a62c18fc-12ef-4d4d-8292-107ff452e319.jpg?v=1716418454	https://cdn.shopify.com/s/files/1/0462/7863/9766/files/soft-beige-boucle-pillow-lumbar-3_360x_2bbd5f22-0a60-4c0b-a4c9-5487d07b46a8.jpg?v=1716418455,https://cdn.shopify.com/s/files/1/0462/7863/9766/files/soft-beige-boucle-pillow-lumbar-1_360x_56c4f4bd-6789-4db2-9713-93fe87b83e68.jpg?v=1716418454,https://cdn.shopify.com/s/files/1/0462/7863/9766/files/soft-beige-boucle-pillow_3_360x_b7ff4ea3-ee01-4e7f-833e-be975912d76e.jpg?v=1716418454,https://cdn.shopify.com/s/files/1/0462/7863/9766/files/cozy-cotton-beige-boucle-pillow-44_360x_372e9c97-ea21-45d0-8ce1-995014a5c1f0.jpg?v=1716418454,https://cdn.shopify.com/s/files/1/0462/7863/9766/files/soft-beige-boucle-pillow-lumbar-2_360x_7863dbcd-04a9-4122-a945-fb716124561c.webp?v=1716418454	in_stock	23.00 USD	new	Northroom	US:::5.99 USD	4454	Home > Textile
T-033	Organic cotton jersey fitted sheet — sand, 1 piece	Everyday sheets with a calm hand and quiet color. Color: sand. Organic cotton. Soft hand for everyday use. Calm color for cream and stone rooms. Machine wash cold on gentle when the label allows. Tumble low or line dry. Avoid bleach.	https://www.northroomhome.com/product.html?title=Organic%20cotton%20jersey%20fitted%20sheet%20%E2%80%94%20sand	https://cdn.shopify.com/s/files/1/0921/3126/2737/files/136682.jpg?v=1745503974	https://cdn.shopify.com/s/files/1/0921/3126/2737/files/136683.jpg?v=1745503974,https://cdn.shopify.com/s/files/1/0921/3126/2737/files/136684.jpg?v=1745503974,https://cdn.shopify.com/s/files/1/0921/3126/2737/files/136685.jpg?v=1745503974,https://cdn.shopify.com/s/files/1/0921/3126/2737/files/146101.jpg?v=1745504011,https://cdn.shopify.com/s/files/1/0921/3126/2737/files/146106.jpg?v=1745504019	in_stock	35.00 USD	new	Northroom	US:::5.99 USD	2314	Home > Textile
T-034	Washed cotton quilted coverlet — bone diamond, 1 piece	A light quilted layer for warmer nights. Color: bone diamond. Washed cotton. Soft hand for everyday use. Calm color for cream and stone rooms. Machine wash cold on gentle when the label allows. Tumble low or line dry. Avoid bleach.	https://www.northroomhome.com/product.html?title=Washed%20cotton%20quilted%20coverlet%20%E2%80%94%20bone%20diamond	https://cdn.shopify.com/s/files/1/0641/8432/0224/files/1000019612.jpg?v=1733987075	https://cdn.shopify.com/s/files/1/0641/8432/0224/files/20241012153836.jpg?v=1733987079,https://cdn.shopify.com/s/files/1/0641/8432/0224/files/1000019610.jpg?v=1745386742,https://cdn.shopify.com/s/files/1/0641/8432/0224/files/1000019689.jpg?v=1745386742,https://cdn.shopify.com/s/files/1/0641/8432/0224/files/1000019617.jpg?v=1745386742,https://cdn.shopify.com/s/files/1/0641/8432/0224/files/10000196171.jpg?v=1745386742	in_stock	47.00 USD	new	Northroom	US:::5.99 USD	2541	Home > Textile
T-035	Linen napkin set of six — tonal flax, 6 pieces	Table linen that stays quiet at dinner. Includes: 6 pieces. Color: tonal flax. Linen napkin set of six in tonal flax. Classic hemstitch edge. Calm color for cream and stone rooms. Machine wash cold on gentle when the label allows. Tumble low or line dry. Linen wrinkles — that is the look. Avoid bleach.	https://www.northroomhome.com/product.html?title=Linen%20napkin%20set%20of%20six%20%E2%80%94%20tonal%20flax	https://cdn.shopify.com/s/files/1/1957/1661/files/Solino-LN-CHS-34-V2.jpg?v=1767093328	https://cdn.shopify.com/s/files/1/1957/1661/files/Solino-LN-CHS-30-V2.jpg?v=1766733276,https://cdn.shopify.com/s/files/1/1957/1661/files/Solino-LN-CHS-6.jpg?v=1766733276,https://cdn.shopify.com/s/files/1/1957/1661/files/Solino-LN-CHS-29-V2.jpg?v=1766733276,https://cdn.shopify.com/s/files/1/1957/1661/files/Solino-LN-CHS-10-V2.jpg?v=1766733276,https://cdn.shopify.com/s/files/1/1957/1661/files/Solino-LN-CHS-33-V2_-_Set_of_6_copy.jpg?v=1784710655	in_stock	29.00 USD	new	Northroom	US:::5.99 USD	4203	Home > Textile
T-036	Cotton waffle hand towel trio — oat, 3 pieces	Bath textiles with a soft hand and honest weight. Includes: 3 pieces. Color: oat. Cotton waffle. Calm color for cream and stone rooms. Machine wash cold on gentle when the label allows. Tumble low or line dry. Avoid bleach.	https://www.northroomhome.com/product.html?title=Cotton%20waffle%20hand%20towel%20trio%20%E2%80%94%20oat	https://cdn.shopify.com/s/files/1/0640/8454/1699/files/waffle-kitchen-towel-in-beige-3.jpg?v=1782481045	https://cdn.shopify.com/s/files/1/0640/8454/1699/files/waffle-kitchen-towel-in-beige-1.jpg?v=1782481045,https://cdn.shopify.com/s/files/1/0640/8454/1699/files/waffle-kitchen-towel-in-beige-2.jpg?v=1782481045,https://cdn.shopify.com/s/files/1/0640/8454/1699/files/waffle-kitchen-towel-in-beige.jpg?v=1774257855,https://cdn.shopify.com/s/files/1/0640/8454/1699/files/waffle-face-towel-in-beige-3.jpg?v=1726231393	in_stock	25.00 USD	new	Northroom	US:::5.99 USD	576	Home > Textile
T-037	Stonewashed linen duvet cover — eucalyptus, 1 piece	Soft bedding that looks lived-in from day one. Color: eucalyptus. Stonewashed linen. Soft hand for everyday use. Calm color for cream and stone rooms. Machine wash cold on gentle when the label allows. Tumble low or line dry. Linen wrinkles — that is the look. Avoid bleach.	https://www.northroomhome.com/product.html?title=Stonewashed%20linen%20duvet%20cover%20%E2%80%94%20eucalyptus	https://cdn.shopify.com/s/files/1/0640/8454/1699/products/matcha-green-linen-duvet-cover-1_5c625498-ca89-45f3-8a16-9357b6993b5a.jpg?v=1661255368	https://cdn.shopify.com/s/files/1/0640/8454/1699/products/matcha-green-linen-duvet-cover-2.jpg?v=1661255368,https://cdn.shopify.com/s/files/1/0640/8454/1699/products/matcha-green-linen-duvet-cover-3.jpg?v=1661255368,https://cdn.shopify.com/s/files/1/0640/8454/1699/files/matcha-green-duvet-cover-set-bedding-set.jpg?v=1744633403,https://cdn.shopify.com/s/files/1/0640/8454/1699/products/matcha-green-linen-duvet-cover-4.jpg?v=1744633403	in_stock	58.00 USD	new	Northroom	US:::0.00 USD	2541	Home > Textile
T-038	Merino wool throw fringe — heather stone, 1 piece	A soft throw for cool evenings and quiet sofas. Color: heather stone. Merino wool. Soft fringe finish. Calm color for cream and stone rooms. Follow the care label. Often gentle wash cold or dry clean; flat or low dry. Avoid high heat.	https://www.northroomhome.com/product.html?title=Merino%20wool%20throw%20fringe%20%E2%80%94%20heather%20stone	https://cdn.shopify.com/s/files/1/0574/9060/4147/files/ac-classic_ivory.jpg?v=1776447734	https://cdn.shopify.com/s/files/1/0574/9060/4147/products/1sd-ah102-01-classicthrow-ivory-white-hr_6e7718e3-595b-457d-93de-b0af25e328ee.jpg?v=1776447734,https://cdn.shopify.com/s/files/1/0574/9060/4147/files/ac-classic_herringbone_oatmeal.jpg?v=1776447734,https://cdn.shopify.com/s/files/1/0574/9060/4147/files/ac-classic_herringbone_taupe.jpg?v=1778563988,https://cdn.shopify.com/s/files/1/0574/9060/4147/files/ac-classic_Taupe.jpg?v=1778563988	in_stock	49.00 USD	new	Northroom	US:::5.99 USD	1985	Home > Textile
T-039	Cotton velvet cushion cover pair — deep clay, 2 pieces	A soft cushion cover with quiet texture. Includes: 2 pieces. Cotton velvet. Sold as a pair. Calm color for cream and stone rooms. Spot clean or gentle wash if the label allows. Low dry or air. Avoid high heat that flattens the pile.	https://www.northroomhome.com/product.html?title=Cotton%20velvet%20cushion%20cover%20pair%20%E2%80%94%20deep%20clay	https://m.media-amazon.com/images/I/71MPFImKVLS.jpg	https://m.media-amazon.com/images/I/815ae7TjCTL.jpg,https://m.media-amazon.com/images/I/71Yg631szmL.jpg,https://m.media-amazon.com/images/I/71EDkJwEfBL.jpg,https://m.media-amazon.com/images/I/71EhvmubjYL.jpg,https://m.media-amazon.com/images/I/710LijD5BgS.jpg	in_stock	27.00 USD	new	Northroom	US:::5.99 USD	4454	Home > Textile
T-040	Linen-cotton blend sheet set — warm ivory, 1 set	Everyday sheets with a calm hand and quiet color. Color: warm ivory. Linen-cotton blend. Calm color for cream and stone rooms. Machine wash cold on gentle when the label allows. Tumble low or line dry. Linen wrinkles — that is the look. Avoid bleach.	https://www.northroomhome.com/product.html?title=Linen-cotton%20blend%20sheet%20set%20%E2%80%94%20warm%20ivory	https://cdn.shopify.com/s/files/1/0641/8432/0224/files/1_7cf79d3f-1c6c-4c1e-a895-1d9598cc487a.webp?v=1784275286	https://cdn.shopify.com/s/files/1/0641/8432/0224/files/7_cbbfcf28-b8ef-4415-806d-f5ec42c0d8ed.webp?v=1784275286,https://cdn.shopify.com/s/files/1/0641/8432/0224/files/8_c5dbea85-05fa-4897-9964-9fae1c59dc2d.webp?v=1784275286,https://cdn.shopify.com/s/files/1/0641/8432/0224/files/9_7f938379-89d5-4a8d-95b9-968049cf2a0f.webp?v=1784275287,https://cdn.shopify.com/s/files/1/0641/8432/0224/files/6_c09a42e8-5a5a-40a0-881d-270d1488980a.jpg?v=1784275286,https://cdn.shopify.com/s/files/1/0641/8432/0224/files/2_b9440231-3ece-4978-9c96-058185d78450.jpg?v=1784275287	in_stock	55.00 USD	new	Northroom	US:::0.00 USD	2314	Home > Textile
T-041	Heavy flax kitchen towel set — stripe edge, natural with stripe edge, 1 set	Heavy flax towels with a quiet stripe for everyday kitchen messes. Heavy flax linen with a stripe edge. Absorbent enough for hands and dishes. Machine wash cold. Tumble low or line dry. Avoid fabric softener if you want max absorbency.	https://www.northroomhome.com/product.html?title=Heavy%20flax%20kitchen%20towel%20set%20%E2%80%94%20stripe%20edge	https://cdn.shopify.com/s/files/1/0640/8454/1699/products/zero-waste-striped-linen-tea-towel-natural-1.jpg?v=1754487174	https://cdn.shopify.com/s/files/1/0640/8454/1699/files/zero-waste-striped-linen-tea-towel-natural-2.jpg?v=1754487174,https://cdn.shopify.com/s/files/1/0640/8454/1699/products/zero-waste-striped-linen-tea-towel-light-gray-1.jpg?v=1674650893,https://cdn.shopify.com/s/files/1/0640/8454/1699/products/linen-tea-towel-16.jpg?v=1674651744,https://cdn.shopify.com/s/files/1/0640/8454/1699/files/tencel-linen-tea-towel-set-of-3-1.jpg?v=1781788107	in_stock	24.00 USD	new	Northroom	US:::5.99 USD	4257	Home > Textile
T-042	Washered linen bedskirt — soft sage, 1 piece	A soft skirt that grounds the bed without shine. Color: soft sage. Linen. Soft hand for everyday use. Calm color for cream and stone rooms. Machine wash cold on gentle when the label allows. Tumble low or line dry. Linen wrinkles — that is the look. Avoid bleach.	https://www.northroomhome.com/product.html?title=Washered%20linen%20bedskirt%20%E2%80%94%20soft%20sage	https://cdn.shopify.com/s/files/1/0641/8432/0224/files/71xlw_871QL._AC_SL1500.jpg?v=1718787724	https://cdn.shopify.com/s/files/1/0641/8432/0224/files/61xZwag9KJL._AC_SL1000.jpg?v=1718787723,https://cdn.shopify.com/s/files/1/0641/8432/0224/products/IMG_9880.jpg?v=1719284476,https://cdn.shopify.com/s/files/1/0641/8432/0224/files/61GwE4c02BL._AC_SL1000.jpg?v=1718787724,https://cdn.shopify.com/s/files/1/0641/8432/0224/files/61tpzTI7NYL._AC_SL1000.jpg?v=1718787724,https://cdn.shopify.com/s/files/1/0641/8432/0224/products/IMG_9851.jpg?v=1719284476	in_stock	40.00 USD	new	Northroom	US:::5.99 USD	2974	Home > Textile
T-043	Cable-knit cotton throw — bone, 1 piece	A soft throw for cool evenings and quiet sofas. Color: bone. Cable-knit cotton. Soft hand for everyday use. Calm color for cream and stone rooms. Gentle wash cold if allowed. Reshape flat to dry. Avoid snags from jewelry or pets.	https://www.northroomhome.com/product.html?title=Cable-knit%20cotton%20throw%20%E2%80%94%20bone	https://cdn.shopify.com/s/files/1/0641/8432/0224/files/Simple_Opulence_Lightweight_Cotton_Blanket_White.jpg?v=1770185335	https://cdn.shopify.com/s/files/1/0641/8432/0224/files/Simple_Opulence_White_100_Cotton_Throw_Blanket.jpg?v=1770182921,https://cdn.shopify.com/s/files/1/0641/8432/0224/files/Simple_Opulence_White_Cotton_Farmhouse_Throw_Blanket.jpg?v=1770183053,https://cdn.shopify.com/s/files/1/0641/8432/0224/files/Simlple_Opulence_White_All_Season_Cotton_Blanket.jpg?v=1770183751,https://cdn.shopify.com/s/files/1/0641/8432/0224/files/Simple_Opulence_White_Cotton_Cable_Knit_Blanket_For_Couch.jpg?v=1770183001,https://cdn.shopify.com/s/files/1/0641/8432/0224/files/Simple_Opulence_White_Cozy_Blanket_For_Sofa_Bed.jpg?v=1770185116	in_stock	37.00 USD	new	Northroom	US:::5.99 USD	1985	Home > Textile
T-044	Stonewashed linen pillowcase trio — sand, 3 pieces	Pillow layers that finish the bed without fuss. Includes: 3 pieces. Color: sand. Stonewashed linen. Calm color for cream and stone rooms. Machine wash cold on gentle when the label allows. Tumble low or line dry. Linen wrinkles — that is the look. Avoid bleach.	https://www.northroomhome.com/product.html?title=Stonewashed%20linen%20pillowcase%20trio%20%E2%80%94%20sand	https://cdn.shopify.com/s/files/1/0640/8454/1699/products/tan-linen-pillowcase-1.jpg?v=1754487360	https://cdn.shopify.com/s/files/1/0640/8454/1699/files/tan-linen-pillowcase-3.jpg?v=1754487360,https://cdn.shopify.com/s/files/1/0640/8454/1699/files/tan-linen-pillowcase-4.jpg?v=1754487361,https://cdn.shopify.com/s/files/1/0640/8454/1699/files/Fabric_tan.jpg?v=1706599673,https://cdn.shopify.com/s/files/1/0640/8454/1699/files/tan-linen-pillowcase.jpg?v=1698231246	in_stock	32.00 USD	new	Northroom	US:::5.99 USD	2927	Home > Textile
T-045	Cotton herringbone bath towel pair — charcoal edge, 2 pieces	Bath textiles with a soft hand and honest weight. Includes: 2 pieces. Color: charcoal edge. Cotton herringbone. Sold as a pair. Calm color for cream and stone rooms. Machine wash cold on gentle when the label allows. Tumble low or line dry. Avoid bleach.	https://www.northroomhome.com/product.html?title=Cotton%20herringbone%20bath%20towel%20pair%20%E2%80%94%20charcoal%20edge	https://cdn.shopify.com/s/files/1/0641/8432/0224/files/cotton_towel_set_-_jacquard_blue_4.jpg?v=1773193196	https://cdn.shopify.com/s/files/1/0641/8432/0224/files/cotton_towel_set_-_jacquard_blue_7.jpg?v=1773193196,https://cdn.shopify.com/s/files/1/0641/8432/0224/files/cotton_towel_set_-_jacquard_blue_6.jpg?v=1773193196,https://cdn.shopify.com/s/files/1/0641/8432/0224/files/cotton_towel_set_-_jacquard_blue_5.jpg?v=1773193196,https://cdn.shopify.com/s/files/1/0641/8432/0224/files/cotton_towel_set_-_jacquard_blue_8.jpg?v=1773193196,https://cdn.shopify.com/s/files/1/0641/8432/0224/files/cotton_towel_set_-_jacquard_blue_1.jpg?v=1773193196	in_stock	35.00 USD	new	Northroom	US:::5.99 USD	576	Home > Textile
T-046	Linen Roman shade — warm white, 1 piece	Soft window cover that keeps the room calm. Color: warm white. Linen. Soft hand for everyday use. Calm color for cream and stone rooms. Machine wash cold on gentle when the label allows. Tumble low or line dry. Linen wrinkles — that is the look. Avoid bleach.	https://www.northroomhome.com/product.html?title=Linen%20Roman%20shade%20%E2%80%94%20warm%20white	https://cdn.shopify.com/s/files/1/0079/8156/4002/files/3HLinen_Heavy_Weight_Linen_Kitchen_Roman_Shades_Off-White.png?v=1783678785	https://cdn.shopify.com/s/files/1/0079/8156/4002/files/3HLinen_Off-White_Heavy_Weight_Linen_Kitchen_Roman_Shades.png?v=1783678784,https://cdn.shopify.com/s/files/1/0079/8156/4002/files/3HLinen_Heavy_Weight_Linen_Blackout_Kitchen_Roman_Shades_Off-White.png?v=1783678786,https://cdn.shopify.com/s/files/1/0079/8156/4002/files/3HLinen_Off-White_Heavy_Weight_Linen_Blackout_Kitchen_Roman_Shades.png?v=1783678784,https://cdn.shopify.com/s/files/1/0079/8156/4002/files/Blackout_Lining_Front.jpg?v=1775036377,https://cdn.shopify.com/s/files/1/0079/8156/4002/files/Blackout_Lining_Back.jpg?v=1775036377	in_stock	54.00 USD	new	Northroom	US:::0.00 USD	2885	Home > Textile
T-047	Quilted cotton euro sham pair — soft stone, 2 pieces	Pillow layers that finish the bed without fuss. Includes: 2 pieces. Color: soft stone. Quilted cotton. Sold as a pair. Calm color for cream and stone rooms. Machine wash cold on gentle when the label allows. Tumble low or line dry. Avoid bleach.	https://www.northroomhome.com/product.html?title=Quilted%20cotton%20euro%20sham%20pair%20%E2%80%94%20soft%20stone	https://cdn.shopify.com/s/files/1/0641/8432/0224/files/CottonWaffleEuroShamCover-Gray_4.png?v=1784186319	https://cdn.shopify.com/s/files/1/0641/8432/0224/files/CottonWaffleEuroShamCover-Gray_2.png?v=1784186318,https://cdn.shopify.com/s/files/1/0641/8432/0224/files/CottonWaffleEuroShamCover-Gray_3.png?v=1784186318,https://cdn.shopify.com/s/files/1/0641/8432/0224/files/CottonWaffleEuroShamCover-Gray_5.png?v=1784186318,https://cdn.shopify.com/s/files/1/0641/8432/0224/files/CottonWaffleEuroShamCover-Gray_6.png?v=1784186318,https://cdn.shopify.com/s/files/1/0641/8432/0224/files/Cotton_Waffle_Euro_Sham_Cover_-_Gray_7.jpg?v=1784186646	in_stock	30.00 USD	new	Northroom	US:::5.99 USD	2927	Home > Textile
T-048	Washed linen tablecloth — oat rectangle, 1 piece	Table linen that stays quiet at dinner. Color: oat rectangle. Washed linen. Soft hand for everyday use. Calm color for cream and stone rooms. Machine wash cold on gentle when the label allows. Tumble low or line dry. Linen wrinkles — that is the look. Avoid bleach.	https://www.northroomhome.com/product.html?title=Washed%20linen%20tablecloth%20%E2%80%94%20oat%20rectangle	https://cdn.shopify.com/s/files/1/0640/8454/1699/products/linen-tablecloth-natural-1.jpg?v=1674741081	https://cdn.shopify.com/s/files/1/0640/8454/1699/products/natural-linen-tablecloth-2.jpg?v=1674741081,https://cdn.shopify.com/s/files/1/0640/8454/1699/products/natural-linen-tablecloth-3.jpg?v=1674741072,https://cdn.shopify.com/s/files/1/0640/8454/1699/products/natural-linen-tablecloth-4.jpg?v=1674741072,https://cdn.shopify.com/s/files/1/0640/8454/1699/products/natural-linen-tablecloth-5.jpg?v=1674741072,https://cdn.shopify.com/s/files/1/0640/8454/1699/products/natural-linen-tablecloth-6.jpg?v=1674741072	in_stock	43.00 USD	new	Northroom	US:::5.99 USD	4143	Home > Textile
T-049	Cotton terry spa wrap — warm sand, 1 piece	A warm sand spa wrap for after the shower, kept simple. Color: warm sand. Cotton terry. Warm sand tone. Easy wrap for bath or travel. Machine wash cold. Tumble low. Avoid bleach. Wash darks separately the first few times if needed.	https://www.northroomhome.com/product.html?title=Cotton%20terry%20spa%20wrap%20%E2%80%94%20warm%20sand	https://cdn.shopify.com/s/files/1/0951/7126/files/BKL_24-04_Bath_Waffle_Pebble_Flatlay_1x_WOgrey.jpg?v=1775677099	https://cdn.shopify.com/s/files/1/0951/7126/files/BKL_26-03_Bath_Robe_Waffle_Daylight_Flat_1x_PDP_WOgrey_1.jpg?v=1777479522,https://cdn.shopify.com/s/files/1/0951/7126/files/BKL_25-02_Bath_Waffle_Robe_Sunshine_Flat_1x_WOgrey.jpg?v=1775677099,https://cdn.shopify.com/s/files/1/0951/7126/files/BKL_24-01_Bath_Waffle_Robe_White_Flat_1x_WOgrey.jpg?v=1775677099,https://cdn.shopify.com/s/files/1/0951/7126/files/BKL_24-12_Bath_Robe_Storm_Flat_1x_WOgrey.jpg?v=1775677099,https://cdn.shopify.com/s/files/1/0951/7126/files/BKL_25-02_Bath_Waffle_Daylight_Texture_1x_PDP_WOgrey_1.jpg?v=1777479522	in_stock	31.00 USD	new	Northroom	US:::5.99 USD	576	Home > Textile
T-050	Double-gauze cotton duvet cover — cloud stripe, 1 piece	Soft bedding that looks lived-in from day one. Color: cloud stripe. Double-gauze cotton. Soft hand for everyday use. Calm color for cream and stone rooms. Machine wash cold on gentle when the label allows. Tumble low or line dry. Avoid bleach.	https://www.northroomhome.com/product.html?title=Double-gauze%20cotton%20duvet%20cover%20%E2%80%94%20cloud%20stripe	https://cdn.shopify.com/s/files/1/0641/8432/0224/files/1184505.jpg?v=1748422416	https://cdn.shopify.com/s/files/1/0641/8432/0224/files/1184517.jpg?v=1748422416,https://cdn.shopify.com/s/files/1/0641/8432/0224/files/1184491.jpg?v=1748422417,https://cdn.shopify.com/s/files/1/0641/8432/0224/files/1184499.jpg?v=1748422416,https://cdn.shopify.com/s/files/1/0641/8432/0224/files/1184507.jpg?v=1748422417,https://cdn.shopify.com/s/files/1/0641/8432/0224/files/1184500.jpg?v=1748422416	in_stock	45.00 USD	new	Northroom	US:::5.99 USD	2541	Home > Textile
S-001	Nested seagrass basket trio with liners — natural, 3 pieces	Woven storage that keeps clutter soft and out of sight. Includes: 3 pieces. Natural seagrass weave. Three nested sizes. Calm shape for cream and stone rooms. Wipe with a dry or barely damp cloth. Keep dry. Avoid harsh cleaners.	https://www.northroomhome.com/product.html?title=Nested%20seagrass%20basket%20trio%20with%20liners	https://cdn.shopify.com/s/files/1/0491/2909/5325/files/BSK2012A-3SET-MAIN-SILO.jpg?v=1734384690	https://cdn.shopify.com/s/files/1/0491/2909/5325/files/BSK2012A-3SET-MAIN-ROOM.jpg?v=1772429943,https://cdn.shopify.com/s/files/1/0491/2909/5325/files/BSK2012A-3SET-STACKED1.jpg?v=1736369138,https://cdn.shopify.com/s/files/1/0491/2909/5325/files/BSK2012A-3SET-DETAIL1.jpg?v=1736369138,https://cdn.shopify.com/s/files/1/0491/2909/5325/files/BSK2012A-3SET-DETAIL2.jpg?v=1736369138,https://cdn.shopify.com/s/files/1/0491/2909/5325/files/BSK2012A-3SET-DIM.jpg?v=1736369138	in_stock	43.00 USD	new	Northroom	US:::5.99 USD	573	Home > Storage
S-002	Round cotton rope hamper — oatmeal, 1 piece	Round cotton rope hamper that keeps clutter quiet. Color: Oatmeal. Includes: 1 extra-large round storage basket. Material: Cotton rope. Wipe clean with a soft dry or damp cloth. Follow any care notes on the product packaging.	https://www.northroomhome.com/product.html?title=Round%20cotton%20rope%20hamper%20%E2%80%94%20oatmeal	https://www.northroomhome.com/images/catalog/S-002_0.jpg	https://www.northroomhome.com/images/catalog/S-002_1.jpg,https://www.northroomhome.com/images/catalog/S-002_2.jpg,https://www.northroomhome.com/images/catalog/S-002_3.jpg,https://www.northroomhome.com/images/catalog/S-002_4.jpg,https://www.northroomhome.com/images/catalog/S-002_5.jpg	in_stock	40.00 USD	new	Northroom	US:::5.99 USD	634	Home > Storage
S-003	Bamboo drawer organizer set — expandable, Natural bamboo, 1 set	Bamboo drawer organizer set that keeps clutter quiet. Color: Natural bamboo. Includes: 1 retractable/expandable cutlery organizer. Material: Bamboo. Wipe clean with a soft dry or damp cloth. Follow any care notes on the product packaging.	https://www.northroomhome.com/product.html?title=Bamboo%20drawer%20organizer%20set%20%E2%80%94%20expandable	https://www.northroomhome.com/images/catalog/S-003_0.jpg	https://www.northroomhome.com/images/catalog/S-003_1.jpg,https://www.northroomhome.com/images/catalog/S-003_2.jpg,https://www.northroomhome.com/images/catalog/S-003_3.jpg,https://www.northroomhome.com/images/catalog/S-003_4.jpg,https://www.northroomhome.com/images/catalog/S-003_5.jpg	in_stock	32.00 USD	new	Northroom	US:::5.99 USD	8058	Home > Storage
S-005	Lidded seagrass cube — square weave, 1 piece	Woven storage that keeps clutter soft and out of sight. Color: square weave. Natural seagrass weave. Lidded to keep dust off. Calm shape for cream and stone rooms. Wipe with a dry or barely damp cloth. Keep dry. Avoid harsh cleaners.	https://www.northroomhome.com/product.html?title=Lidded%20seagrass%20cube%20%E2%80%94%20square%20weave	https://cdn.shopify.com/s/files/1/1226/4390/files/SW1020AFBN6-StorageWorksWovenBasket-01-2.png?v=1786522111	https://cdn.shopify.com/s/files/1/1226/4390/files/SW1020AFBN6-StorageWorksWovenBasket-08.png?v=1786522296,https://cdn.shopify.com/s/files/1/1226/4390/files/SW1020AFBN6-StorageWorksWovenBasket-02.jpg?v=1787122268,https://cdn.shopify.com/s/files/1/1226/4390/files/SW1020AFBN6-StorageWorksWovenBasket-03.jpg?v=1787122274,https://cdn.shopify.com/s/files/1/1226/4390/files/SW1020AFBN6-StorageWorksWovenBasket-04.jpg?v=1787122280,https://cdn.shopify.com/s/files/1/1226/4390/files/SW1020AFBN6-StorageWorksWovenBasket-07.png?v=1786522279	in_stock	32.39 USD	new	Northroom	US:::5.99 USD	573	Home > Storage
S-006	Walnut catchall tray set — desk & entry, 1 set	Walnut trays for desk and entry — a calm place for daily drop. Black walnut wood organisation trays. Modular catchall set for desk or entry. Warm grain, not glossy. Wipe dry. A light oil refresh is fine on wood. Keep away from standing water.	https://www.northroomhome.com/product.html?title=Walnut%20catchall%20tray%20set%20%E2%80%94%20desk%20%26%20entry	https://cdn.shopify.com/s/files/1/0103/7883/8116/files/26.png?v=1688044453	https://cdn.shopify.com/s/files/1/0103/7883/8116/files/BF7F4B9B-223C-4F2A-B1E6-50F2A2058C95.jpg?v=1772735786,https://cdn.shopify.com/s/files/1/0103/7883/8116/files/27.png?v=1772735786,https://cdn.shopify.com/s/files/1/0103/7883/8116/files/modulartrays.png?v=1772735786,https://cdn.shopify.com/s/files/1/0103/7883/8116/products/37.png?v=1772735786,https://cdn.shopify.com/s/files/1/0103/7883/8116/products/38.png?v=1772735786	in_stock	22.00 USD	new	Northroom	US:::5.99 USD	6456	Home > Storage
S-009	Outdoor throw — dark gray, 1 piece	Outdoor throw — dark gray Color: dark gray. Includes: 1 throw. Material: cotton.	https://www.northroomhome.com/product.html?title=Outdoor%20throw%20%E2%80%94%20dark%20gray	https://cdn.shopify.com/s/files/1/0641/8432/0224/files/CottonThrowBlanket-LightweightWaffleWeaveBlanketGreen_15.jpg?v=1783494660	https://cdn.shopify.com/s/files/1/0641/8432/0224/files/CottonThrowBlanket-LightweightWaffleWeaveBlanketGreen_9.jpg?v=1783494660,https://cdn.shopify.com/s/files/1/0641/8432/0224/files/CottonThrowBlanket-LightweightWaffleWeaveBlanketGreen_1.jpg?v=1783494660,https://cdn.shopify.com/s/files/1/0641/8432/0224/files/CottonThrowBlanket-LightweightWaffleWeaveBlanketGreen_10.jpg?v=1783494659,https://cdn.shopify.com/s/files/1/0641/8432/0224/files/CottonThrowBlanket-LightweightWaffleWeaveBlanketGreen_3.jpg?v=1783494660,https://cdn.shopify.com/s/files/1/0641/8432/0224/files/CottonThrowBlanket-LightweightWaffleWeaveBlanketGreen_13.jpg?v=1783494659	in_stock	34.69 USD	new	Northroom	US:::5.99 USD	5910	Home > Outdoor
S-010	Rattan wall pocket baskets — pair, 2 pieces	Woven storage that keeps clutter soft and out of sight. Includes: 2 pieces. Rattan / braided weave. Sold as a pair. Calm shape for cream and stone rooms. Wipe with a dry or barely damp cloth. Keep dry. Avoid harsh cleaners.	https://www.northroomhome.com/product.html?title=Rattan%20wall%20pocket%20baskets%20%E2%80%94%20pair	https://cdn.shopify.com/s/files/1/0579/8490/9508/files/3015.jpg?v=1788460474	https://cdn.shopify.com/s/files/1/0579/8490/9508/files/18131-1.jpg?v=1788460474,https://cdn.shopify.com/s/files/1/0579/8490/9508/files/18131-2.jpg?v=1788460475,https://cdn.shopify.com/s/files/1/0579/8490/9508/files/18131-3.jpg?v=1788460474,https://cdn.shopify.com/s/files/1/0579/8490/9508/files/18131-4.jpg?v=1788460474,https://cdn.shopify.com/s/files/1/0579/8490/9508/files/18131-5.jpg?v=1788460474	in_stock	35.00 USD	new	Northroom	US:::5.99 USD	573	Home > Storage
S-013	Walnut tripod floor lamp — natural, 1 piece	Walnut tripod floor lamp — natural Color: natural. Includes: 1 lamp. Material: wood/linen.	https://www.northroomhome.com/product.html?title=Walnut%20tripod%20floor%20lamp%20%E2%80%94%20natural	https://cdn.shopify.com/s/files/1/0743/1746/3862/files/50916799041572f482b5b54e2bc254d2.jpg?v=1781978102	https://cdn.shopify.com/s/files/1/0743/1746/3862/files/5df3d24896e9da64de7427e1146431d6.jpg?v=1778274994,https://cdn.shopify.com/s/files/1/0743/1746/3862/files/86656aa99398d3f770943e4b94f359f0.jpg?v=1778274994,https://cdn.shopify.com/s/files/1/0743/1746/3862/files/8c343e36391a04851687e47baddaadf2.jpg?v=1778274994,https://cdn.shopify.com/s/files/1/0743/1746/3862/files/dc95cdecf8eac218324458bc16768cdf.jpg?v=1778274994,https://cdn.shopify.com/s/files/1/0743/1746/3862/files/c7da581ead25bd67e1c127cb4d293ca0.jpg?v=1778274994	in_stock	77.99 USD	new	Northroom	US:::0.00 USD	4636	Home > Lighting
S-014	Oak modular desk organizer — compartment set, 1 set	An oak modular organizer set that keeps desk clutter in calm compartments. Solid oak modular drawer organizers. Sold as a compartment set for desk or drawer. Warm wood grain, not glossy plastic. Wipe dry. A light oil refresh if the wood looks dry. Avoid soaking.	https://www.northroomhome.com/product.html?title=Oak%20modular%20desk%20organizer%20%E2%80%94%20compartment%20set	https://cdn.shopify.com/s/files/1/2447/0423/files/2_1800px_b2a5e430-0762-4398-94be-1f2abbac1e71.webp?v=1773272959	https://cdn.shopify.com/s/files/1/2447/0423/files/1_1800px_a8d02a20-c0c1-45d0-a74d-b2c0498feb6f.webp?v=1773272959,https://cdn.shopify.com/s/files/1/2447/0423/files/22_1800px_db1b15b4-df34-4328-b59f-2fbc59183da4.webp?v=1773354180,https://cdn.shopify.com/s/files/1/2447/0423/files/7_1800px_639be2c7-abf5-4b0f-91a8-fd91a58d7a4b.webp?v=1773354180,https://cdn.shopify.com/s/files/1/2447/0423/files/10_1800px_e1eb5edd-a71a-483c-98d9-0e4c27c06e38.webp?v=1773354180,https://cdn.shopify.com/s/files/1/2447/0423/files/ZASOBY-0017-Z2007465-V1-1920.jpg?v=1774256218	in_stock	32.00 USD	new	Northroom	US:::5.99 USD	636	Home > Storage
S-016	Matte black task lamp — black, 1 piece	Matte black task lamp — black Color: black. Includes: 1 lamp. Material: metal.	https://www.northroomhome.com/product.html?title=Matte%20black%20task%20lamp%20%E2%80%94%20black	https://cdn.shopify.com/s/files/1/0736/9516/6759/files/1307199.jpg?v=1782735375	https://cdn.shopify.com/s/files/1/0736/9516/6759/files/1307203.jpg?v=1782735376,https://cdn.shopify.com/s/files/1/0736/9516/6759/files/1307210.jpg?v=1782735375,https://cdn.shopify.com/s/files/1/0736/9516/6759/files/1307213.jpg?v=1782735375,https://cdn.shopify.com/s/files/1/0736/9516/6759/files/1307218.jpg?v=1782735375,https://cdn.shopify.com/s/files/1/0736/9516/6759/files/1307313.jpg?v=1782735375	in_stock	70.67 USD	new	Northroom	US:::0.00 USD	4636	Home > Lighting
S-018	Bamboo bathroom tray with handles — bath caddy, 1 piece	A small landing spot for keys, mail, and daily odds. Color: bath caddy. Bamboo. Everyday catchall storage. Calm shape for cream and stone rooms. Wipe dry. A light oil refresh is fine on wood. Keep away from standing water.	https://www.northroomhome.com/product.html?title=Bamboo%20bathroom%20tray%20with%20handles%20%E2%80%94%20bath%20caddy	https://m.media-amazon.com/images/I/41+qtPA6DHL._AC_SL1500_.jpg	https://m.media-amazon.com/images/I/419GL+a3M6L._AC_SL1500_.jpg,https://m.media-amazon.com/images/I/41lBAu7FudL._AC_SL1500_.jpg,https://m.media-amazon.com/images/I/41bVy7B5hAL._AC_SL1500_.jpg,https://m.media-amazon.com/images/I/512W7wTUJ3L._AC_SL1500_.jpg	in_stock	30.00 USD	new	Northroom	US:::5.99 USD	575	Home > Storage
S-023	Woven hyacinth rectangular trunk — natural, 1 piece	Woven hyacinth rectangular trunk Color: natural. Includes: 1 piece. Material: seagrass.	https://www.northroomhome.com/product.html?title=Woven%20hyacinth%20rectangular%20trunk%20%E2%80%94%20natural	https://cdn.shopify.com/s/files/1/0017/9712/8252/products/sea7021a-side.jpg?v=1624558556	https://cdn.shopify.com/s/files/1/0017/9712/8252/products/sea7021a-front.jpg?v=1624558555,https://cdn.shopify.com/s/files/1/0017/9712/8252/products/sea7021a-open.jpg?v=1624558556,https://cdn.shopify.com/s/files/1/0017/9712/8252/products/sea7021a-interior.jpg?v=1624558556,https://cdn.shopify.com/s/files/1/0017/9712/8252/products/sea7021a-detail2.jpg?v=1624558556,https://cdn.shopify.com/s/files/1/0017/9712/8252/products/sea7021a-detail.jpg?v=1624558556	in_stock	61.54 USD	new	Northroom	US:::0.00 USD	4233	Home > Storage
S-024	Washed cotton quilted coverlet — beige diamond, 1 piece	Washed cotton quilted coverlet Color: beige diamond. Includes: 1 piece. Material: cotton.	https://www.northroomhome.com/product.html?title=Washed%20cotton%20quilted%20coverlet%20%E2%80%94%20beige%20diamond	https://cdn.shopify.com/s/files/1/0641/8432/0224/files/1000019612.jpg?v=1733987075	https://cdn.shopify.com/s/files/1/0641/8432/0224/files/20241012153836.jpg?v=1733987079,https://cdn.shopify.com/s/files/1/0641/8432/0224/files/1000019610.jpg?v=1745386742,https://cdn.shopify.com/s/files/1/0641/8432/0224/files/1000019689.jpg?v=1745386742,https://cdn.shopify.com/s/files/1/0641/8432/0224/files/1000019617.jpg?v=1745386742,https://cdn.shopify.com/s/files/1/0641/8432/0224/files/10000196171.jpg?v=1745386742	in_stock	51.83 USD	new	Northroom	US:::0.00 USD	2541	Home > Textile
S-025	Felt-and-wood desk tray set — modular, 1 set	Modular felt-and-wood trays for a calm desk. Felt and wood. Modular set. Calm shape for cream and stone rooms. Spot clean with mild soap. Air dry. Avoid soaking.	https://www.northroomhome.com/product.html?title=Felt-and-wood%20desk%20tray%20set%20%E2%80%94%20modular	https://cdn.shopify.com/s/files/1/0599/6530/8982/files/Organiser.1.jpg?v=1733648720	https://cdn.shopify.com/s/files/1/0599/6530/8982/files/DesktopTraysListing-CoreMinded-02.png?v=1733648640,https://cdn.shopify.com/s/files/1/0599/6530/8982/files/DesktopTraysListing-CoreMinded-03.png?v=1733648640,https://cdn.shopify.com/s/files/1/0599/6530/8982/files/DesktopTraysListing-CoreMinded-05.png?v=1733648640,https://cdn.shopify.com/s/files/1/0599/6530/8982/files/DesktopTraysListing-CoreMinded-08.png?v=1733648640,https://cdn.shopify.com/s/files/1/0599/6530/8982/files/DesktopTraysListing-CoreMinded-06.png?v=1733648640	in_stock	28.00 USD	new	Northroom	US:::5.99 USD	636	Home > Storage
S-026	Woven water hyacinth laundry hamper — tall oat, 1 piece	Woven water hyacinth laundry hamper — tall oat Color: tall oat.	https://www.northroomhome.com/product.html?title=Woven%20water%20hyacinth%20laundry%20hamper%20%E2%80%94%20tall%20oat	https://cdn.shopify.com/s/files/1/0579/8490/9508/files/17932-1.jpg?v=1788678140	https://cdn.shopify.com/s/files/1/0579/8490/9508/files/17932-2.jpg?v=1788678140,https://cdn.shopify.com/s/files/1/0579/8490/9508/files/17932-7.jpg?v=1788678140,https://cdn.shopify.com/s/files/1/0579/8490/9508/files/17932-3.jpg?v=1788678140,https://cdn.shopify.com/s/files/1/0579/8490/9508/files/17932-4.jpg?v=1788678140,https://cdn.shopify.com/s/files/1/0579/8490/9508/files/17932-5.jpg?v=1788678139	in_stock	48.00 USD	new	Northroom	US:::5.99 USD	634	Home > Storage
S-027	Matte ceramic spice jar set — bone six, 6 pieces	Kitchen storage with a soft, matte presence. Includes: 6 pieces. Color: bone six. Matte ceramic. Calm shape for cream and stone rooms. Hand wash preferred. Dry lids fully. Avoid thermal shock.	https://www.northroomhome.com/product.html?title=Matte%20ceramic%20spice%20jar%20set%20%E2%80%94%20bone%20six	https://cdn.shopify.com/s/files/1/0666/3897/1055/files/ceramic-seasoning-jar-setkitchenliving-simply-house-494335.png?v=1766725860	https://cdn.shopify.com/s/files/1/0666/3897/1055/files/570a69b3-5782-4e24-b6ae-ffcdf8e42184.jpg?v=1766725862,https://cdn.shopify.com/s/files/1/0666/3897/1055/files/ca0bc514-751a-427d-8d65-3895d8a12df9.jpg?v=1766725843,https://cdn.shopify.com/s/files/1/0666/3897/1055/files/69b58050-de32-4b0b-94e6-683670815441.jpg?v=1766725844,https://cdn.shopify.com/s/files/1/0666/3897/1055/files/d1b02d9d-6e9c-47ac-ac17-e4b250ca499a.jpg?v=1766725846,https://cdn.shopify.com/s/files/1/0666/3897/1055/files/fc7058a9-e7d9-4527-8bc7-9fb8e71a7208.jpg?v=1766725846	in_stock	35.00 USD	new	Northroom	US:::5.99 USD	667	Home > Storage
S-028	Canvas under-sink organizer — stone dual, 2 pieces	Simple storage that stays quiet in the room. Color: stone dual. Canvas fabric. Sold as a pair. Calm shape for cream and stone rooms. Spot clean with mild soap. Air dry. Avoid soaking.	https://www.northroomhome.com/product.html?title=Canvas%20under-sink%20organizer%20%E2%80%94%20stone%20dual	https://cdn.shopify.com/s/files/1/1226/4390/files/SW0103ADY0Q2-StorageWorks-StorageBin-01.jpg?v=1785375795	https://cdn.shopify.com/s/files/1/1226/4390/files/SW0103ADY0Q2-StorageWorks-StorageBin-A_05B.jpg?v=1785375801,https://cdn.shopify.com/s/files/1/1226/4390/files/SW0103ADY0Q2-StorageWorks-StorageBin-02.jpg?v=1785375808,https://cdn.shopify.com/s/files/1/1226/4390/files/SW0103ADY0Q2-StorageWorks-StorageBin-04.jpg?v=1785296278,https://cdn.shopify.com/s/files/1/1226/4390/files/SW0103ADY0Q2-StorageWorks-StorageBin-03.jpg?v=1785296278	in_stock	28.00 USD	new	Northroom	US:::5.99 USD	636	Home > Storage
S-029	Oak wall shelf with hooks — slim entry, 1 piece	Simple storage that stays quiet in the room. Color: slim entry. Oak wood. Everyday catchall storage. Calm shape for cream and stone rooms. Wipe dry. A light oil refresh is fine on wood. Keep away from standing water.	https://www.northroomhome.com/product.html?title=Oak%20wall%20shelf%20with%20hooks%20%E2%80%94%20slim%20entry	https://cdn.shopify.com/s/files/1/0796/6454/6113/files/MAIN_1_c6253bda-542f-4f12-b51b-1d95b5a1f2ea.jpg?v=1776934979	https://cdn.shopify.com/s/files/1/0796/6454/6113/files/IMG_20251119_110930_1e73df12-b013-4d85-945d-ba1f77f67d57.jpg?v=1766409961,https://cdn.shopify.com/s/files/1/0796/6454/6113/files/IMG_20251119_110919_7b320e93-6577-4b98-83af-48b3551da729.jpg?v=1766409961,https://cdn.shopify.com/s/files/1/0796/6454/6113/files/1732200666080_ab495846-7458-4e0a-ab99-3a1649156ff0.jpg?v=1776934980,https://cdn.shopify.com/s/files/1/0796/6454/6113/files/MAIN_2_64bec401-c34c-4cab-ab7c-292fc870e90a.jpg?v=1773655242,https://cdn.shopify.com/s/files/1/0796/6454/6113/files/IMG_20251119_110924_fc583c38-df76-4f88-a1e1-152413fd2fae.jpg?v=1766409961	in_stock	39.00 USD	new	Northroom	US:::5.99 USD	6372	Home > Storage
S-030	Clear acrylic makeup organizer with drawers — clear, 1 piece	A clear acrylic organizer for brushes and small makeup. Color: clear. Includes: 1 acrylic organizer (brush holder + 3 drawers). Material: acrylic. About 21.5 × 18 × 9.5 cm. Wipe clean with a soft dry or damp cloth. Follow any care notes on the product packaging.	https://www.northroomhome.com/product.html?title=Clear%20acrylic%20makeup%20organizer%20with%20drawers%20%E2%80%94%20clear	https://www.northroomhome.com/images/catalog/S-030_0.jpg	https://www.northroomhome.com/images/catalog/S-030_1.jpg,https://www.northroomhome.com/images/catalog/S-030_2.jpg,https://www.northroomhome.com/images/catalog/S-030_3.jpg,https://www.northroomhome.com/images/catalog/S-030_4.jpg,https://www.northroomhome.com/images/catalog/S-030_5.jpg	in_stock	26.00 USD	new	Northroom	US:::5.99 USD	636	Home > Storage
S-031	Seagrass oval basket with handles — large, 1 piece	Woven storage that keeps clutter soft and out of sight. Color: large. Natural seagrass weave. Everyday catchall storage. Calm shape for cream and stone rooms. Wipe with a dry or barely damp cloth. Keep dry. Avoid harsh cleaners.	https://www.northroomhome.com/product.html?title=Seagrass%20oval%20basket%20with%20handles%20%E2%80%94%20large	https://cdn.shopify.com/s/files/1/0017/9712/8252/files/SG2006_de0a5b4a-46f1-4b63-be1a-d2993cbb3dfc.jpg?v=1714332672	https://cdn.shopify.com/s/files/1/0017/9712/8252/files/SG2006.jpg?v=1714332672,https://cdn.shopify.com/s/files/1/0017/9712/8252/files/SG2006-5.jpg?v=1713984986,https://cdn.shopify.com/s/files/1/0017/9712/8252/files/SG2006-1.jpg?v=1713984986,https://cdn.shopify.com/s/files/1/0017/9712/8252/files/SG2006-4.jpg?v=1713984983	in_stock	37.00 USD	new	Northroom	US:::5.99 USD	573	Home > Storage
S-032	Stoneware salt cellar with lid — speckled, 1 piece	Kitchen storage with a soft, matte presence. Color: speckled. Matte stoneware. Lidded to keep dust off. Calm shape for cream and stone rooms. Hand wash preferred. Dry lids fully. Avoid thermal shock.	https://www.northroomhome.com/product.html?title=Stoneware%20salt%20cellar%20with%20lid%20%E2%80%94%20speckled	https://cdn.shopify.com/s/files/1/1020/2551/files/tellefsen-atelier-speckled-salt-cellar-TFA.500.70.004.045.jpg?v=1731510450	https://cdn.shopify.com/s/files/1/1020/2551/files/tellefsen-atelier-speckled-salt-cellar-styled-2-TFA.500.70.004.045.jpg?v=1731510450,https://cdn.shopify.com/s/files/1/1020/2551/files/tellefsen-atelier-speckled-salt-cellar-styled-1-TFA.500.70.004.045.jpg?v=1731510450,https://cdn.shopify.com/s/files/1/1020/2551/files/tellefsen-atelier-speckled-salt-cellar-3.4-TFA.500.70.004.045_802cba5f-f14f-4389-99b5-fdbad7fb2303.jpg?v=1731510822,https://cdn.shopify.com/s/files/1/1020/2551/files/tellefsen-atelier-speckled-salt-cellar-detail-TFA.500.70.004.045.jpg?v=1731510450	in_stock	25.00 USD	new	Northroom	US:::5.99 USD	676	Home > Storage
S-033	Linen closet shelf dividers — bone set, 1 set	Quiet fabric storage for the spaces you barely see. Linen-covered board. Calm shape for cream and stone rooms. Spot clean with mild soap. Air dry. Avoid soaking.	https://www.northroomhome.com/product.html?title=Linen%20closet%20shelf%20dividers%20%E2%80%94%20bone%20set	https://m.media-amazon.com/images/I/819TWHu3C5L.jpg	https://m.media-amazon.com/images/I/71CAjTQh3FL.jpg,https://m.media-amazon.com/images/I/81O6W-VqooL.jpg,https://m.media-amazon.com/images/I/71rkEMf8XAL.jpg,https://m.media-amazon.com/images/I/81ZACIZ5RvL.jpg,https://m.media-amazon.com/images/I/916FWOggJJL.jpg	in_stock	24.00 USD	new	Northroom	US:::5.99 USD	636	Home > Storage
S-035	Water hyacinth curved basket pair — wood handles, 2 pieces	Curved water hyacinth baskets with wood handles, pair. Includes: 2 pieces. Water hyacinth weave. Wood handles. Sold as a pair. Spot clean with mild soap. Air dry. Avoid soaking.	https://www.northroomhome.com/product.html?title=Water%20hyacinth%20curved%20basket%20pair%20%E2%80%94%20wood%20handles	https://cdn.shopify.com/s/files/1/1226/4390/files/SW1061AMY1-StorageWorks-Woven-Basket-01.jpg?v=1787106333	https://cdn.shopify.com/s/files/1/1226/4390/files/SW1061AMY1-StorageWorks_Woven_Basket-A_-02B-1.jpg?v=1787106341,https://cdn.shopify.com/s/files/1/1226/4390/files/SW1061AMY1-StorageWorksWovenBasket-02.jpg?v=1787106348,https://cdn.shopify.com/s/files/1/1226/4390/files/SW1061AMY1-StorageWorksWovenBasket-08.jpg?v=1787106356,https://cdn.shopify.com/s/files/1/1226/4390/files/SW1061AMY1-StorageWorksWovenBasket-03.jpg?v=1786515223	in_stock	32.00 USD	new	Northroom	US:::5.99 USD	573	Home > Storage
S-036	Cotton rope cube bin pair — greige, 2 pieces	Calm bins for shelves that need a little order. Includes: 2 pieces. Cotton rope. Sold as a pair. Calm shape for cream and stone rooms. Spot clean with mild soap. Air dry. Avoid soaking.	https://www.northroomhome.com/product.html?title=Cotton%20rope%20cube%20bin%20pair%20%E2%80%94%20greige	https://cdn.shopify.com/s/files/1/0029/1051/9331/products/OHRB-FMGY-2013-tag_814c9554-ebf8-4728-9b7b-709911c46daa.jpg?v=1599235831	https://cdn.shopify.com/s/files/1/0029/1051/9331/products/27d6d092-6da2-53fb-a994-7fc350f4b8fb.jpg?v=1599235831,https://cdn.shopify.com/s/files/1/0029/1051/9331/products/7b7a9f50-c0a7-5483-9cd6-81c3d49d7106.jpg?v=1599235831,https://cdn.shopify.com/s/files/1/0029/1051/9331/products/9ba978d9-82e8-53f2-853b-4923d7bbfaa4.jpg?v=1599235831,https://cdn.shopify.com/s/files/1/0029/1051/9331/products/35bd208a-8bf6-5f0b-86ce-d2c3dcb718bf.jpg?v=1599235831,https://cdn.shopify.com/s/files/1/0029/1051/9331/products/7b369069-288b-5f49-98b4-14e0ee46a9d8.jpg?v=1599235831	in_stock	34.00 USD	new	Northroom	US:::5.99 USD	573	Home > Storage
S-037	Acacia knife block drawer tray — in-drawer, 1 piece	An in-drawer acacia knife block that keeps blades ordered and out of sight. Color: in-drawer. Acacia wood in-drawer knife tray. Holds knives flat in the drawer. Warm wood grain, matte finish. Wipe dry. Refresh with food-safe oil if the wood looks dry. Avoid soaking.	https://www.northroomhome.com/product.html?title=Acacia%20knife%20block%20drawer%20tray%20%E2%80%94%20in-drawer	https://cdn.shopify.com/s/files/1/2586/5880/files/KE-DR-KNIFE-ACA-layout-01.png?v=1701985624	https://cdn.shopify.com/s/files/1/2586/5880/files/81NxglWRxYL._AC_SL1500.jpg?v=1702075829,https://cdn.shopify.com/s/files/1/2586/5880/files/71RSMMt9lzL._AC_SL1500.jpg?v=1702075829,https://cdn.shopify.com/s/files/1/2586/5880/files/91G5eYrfAfL._AC_SL1500.jpg?v=1702075829,https://cdn.shopify.com/s/files/1/2586/5880/files/81620MKxjML._AC_SL1500.jpg?v=1702075829,https://cdn.shopify.com/s/files/1/2586/5880/files/81d3C6y9jyL._AC_SL1500.jpg?v=1702075829	in_stock	36.00 USD	new	Northroom	US:::5.99 USD	8058	Home > Storage
S-038	Clear stackable fridge bins — slim trio, 3 pieces	Calm bins for shelves that need a little order. Includes: 3 pieces. Three nested sizes. Calm shape for cream and stone rooms. Wipe with mild soap. Avoid abrasives that cloud clear surfaces.	https://www.northroomhome.com/product.html?title=Clear%20stackable%20fridge%20bins%20%E2%80%94%20slim%20trio	https://m.media-amazon.com/images/I/71DRtI1VdsL.jpg	https://m.media-amazon.com/images/I/71CVPYrGVoL.jpg,https://m.media-amazon.com/images/I/81rUjsvcumL.jpg,https://m.media-amazon.com/images/I/81kDuT5IpyL.jpg,https://m.media-amazon.com/images/I/810vIGNRJ2L.jpg,https://m.media-amazon.com/images/I/71iADgzumYL.jpg	in_stock	28.00 USD	new	Northroom	US:::5.99 USD	667	Home > Storage
S-039	Rattan lidded oval trunk — coffee table, 1 piece	Woven storage that keeps clutter soft and out of sight. Color: coffee table. Rattan / braided weave. Lidded to keep dust off. Calm shape for cream and stone rooms. Wipe with a dry or barely damp cloth. Keep dry. Avoid harsh cleaners.	https://www.northroomhome.com/product.html?title=Rattan%20lidded%20oval%20trunk%20%E2%80%94%20coffee%20table	https://cdn.shopify.com/s/files/1/0629/0368/1247/files/Kubu_rattan_lidded_trunk_straight_on.jpg?v=1783515436	https://cdn.shopify.com/s/files/1/0629/0368/1247/products/Kubu_XL_Storage_Trunk_Rattan.jpg?v=1753961982,https://cdn.shopify.com/s/files/1/0629/0368/1247/products/Kubustoragetrunk6.jpg?v=1760537628,https://cdn.shopify.com/s/files/1/0629/0368/1247/products/Kubustoragetrunk.jpg?v=1760537629,https://cdn.shopify.com/s/files/1/0629/0368/1247/files/Kubu_Trunk_4.jpg?v=1753961983,https://cdn.shopify.com/s/files/1/0629/0368/1247/files/Kubu_Trunk_3.jpg?v=1753961983	in_stock	52.00 USD	new	Northroom	US:::0.00 USD	4233	Home > Storage
S-040	Felt desk cable tray — under-desk charcoal, 1 piece	A charcoal felt under-desk tray that tucks cables out of sight. Color: under-desk charcoal. Felt cable management tray. Mounts under the desk. Charcoal tone, quiet shape. Spot clean with mild soap. Air dry. Avoid soaking.	https://www.northroomhome.com/product.html?title=Felt%20desk%20cable%20tray%20%E2%80%94%20under-desk%20charcoal	https://cdn.shopify.com/s/files/1/0582/2011/8073/products/yaasa-cable-management-large_nr1_01-00699-01.jpg?v=1747147162	https://cdn.shopify.com/s/files/1/0582/2011/8073/products/yaasa-cable-management-large_nr2_01-00699-01.jpg?v=1747147162,https://cdn.shopify.com/s/files/1/0582/2011/8073/products/yaasa-cable-management-large_nr3_01-00699-01.jpg?v=1747147162,https://cdn.shopify.com/s/files/1/0582/2011/8073/products/yaasa-cable-management-large_nr5_01-00699-01.jpg?v=1747147205,https://cdn.shopify.com/s/files/1/0582/2011/8073/products/yaasa-cable-management-large_nr6_01-00699-01.jpg?v=1747147205,https://cdn.shopify.com/s/files/1/0582/2011/8073/products/yaasa-cable-management-large_nr7_01-00699-01.jpg?v=1747147205	in_stock	22.00 USD	new	Northroom	US:::5.99 USD	636	Home > Storage
S-041	Ceramic toothbrush holder cup — matte bone, 1 piece	Kitchen storage with a soft, matte presence. Color: matte bone. Matte ceramic. Everyday catchall storage. Calm shape for cream and stone rooms. Hand wash preferred. Dry lids fully. Avoid thermal shock.	https://www.northroomhome.com/product.html?title=Ceramic%20toothbrush%20holder%20cup%20%E2%80%94%20matte%20bone	https://m.media-amazon.com/images/I/61VTNuxBeqL.jpg	https://m.media-amazon.com/images/I/61s6h4+LuNL.jpg,https://m.media-amazon.com/images/I/513u8dFN-0L.jpg,https://m.media-amazon.com/images/I/717NX3CoN4L.jpg,https://m.media-amazon.com/images/I/71nkj29t9IL.jpg,https://m.media-amazon.com/images/I/61qVF1WUPOL.jpg	in_stock	21.00 USD	new	Northroom	US:::5.99 USD	585	Home > Storage
S-044	Woven hyacinth underbed drawer — low, 1 piece	Woven storage that keeps clutter soft and out of sight. Color: low. Woven water hyacinth. Everyday catchall storage. Calm shape for cream and stone rooms. Wipe with a dry or barely damp cloth. Keep dry. Avoid harsh cleaners.	https://www.northroomhome.com/product.html?title=Woven%20hyacinth%20underbed%20drawer%20%E2%80%94%20low	https://cdn.shopify.com/s/files/1/0491/2909/5325/files/BSK2015A-MAIN-SILO.jpg?v=1751401154	https://cdn.shopify.com/s/files/1/0491/2909/5325/files/BSK2015A-MAIN-ROOM.jpg?v=1751401154,https://cdn.shopify.com/s/files/1/0491/2909/5325/files/BSK2015A-ROOM2.jpg?v=1751402279,https://cdn.shopify.com/s/files/1/0491/2909/5325/files/BSK2015A-DETAIL1.jpg?v=1751402279,https://cdn.shopify.com/s/files/1/0491/2909/5325/files/BSK2015A-TOP1.jpg?v=1751402279,https://cdn.shopify.com/s/files/1/0491/2909/5325/files/BSK2015A-DIM.jpg?v=1751402279	in_stock	45.00 USD	new	Northroom	US:::5.99 USD	636	Home > Storage
S-045	Stainless matte utensil drawer insert — expandable, 1 piece	A matte stainless expandable utensil insert for the drawer. Color: expandable. Quiet piece for cream and stone rooms. Spot clean with mild soap. Air dry. Avoid soaking.	https://www.northroomhome.com/product.html?title=Stainless%20matte%20utensil%20drawer%20insert%20%E2%80%94%20expandable	https://m.media-amazon.com/images/I/7137PePIWCL.jpg	https://m.media-amazon.com/images/I/717meHXiahL.jpg,https://m.media-amazon.com/images/I/71Wt3xQn6aL.jpg,https://m.media-amazon.com/images/I/519daGSDu6L.jpg,https://m.media-amazon.com/images/I/51O2xAgz24L.jpg,https://m.media-amazon.com/images/I/51C8AO++lDL.jpg	in_stock	34.00 USD	new	Northroom	US:::5.99 USD	8058	Home > Storage
S-046	Collapsible fabric storage cubes — beige set of 6	A set of six beige fabric storage cubes for closets and cube shelves. Beige fabric cubes — set of 6. About 10.5" × 10.5" × 11"; fits standard cube organizers. Collapsible with removable floor board; wipe clean. Wipe clean. Fold flat when not in use.	https://www.northroomhome.com/product.html?title=Collapsible%20fabric%20storage%20cubes%20%E2%80%94%20beige%20set%20of%206	https://www.northroomhome.com/images/catalog/S-046_0.jpg	https://www.northroomhome.com/images/catalog/S-046_1.jpg,https://www.northroomhome.com/images/catalog/S-046_2.jpg,https://www.northroomhome.com/images/catalog/S-046_3.jpg,https://www.northroomhome.com/images/catalog/S-046_4.jpg,https://www.northroomhome.com/images/catalog/S-046_5.jpg	in_stock	50.00 USD	new	Northroom	US:::0.00 USD	573	Home > Storage
S-047	Bamboo bathroom canister set — three, 3 pieces	Bamboo-lid bathroom canisters in a set of three. Includes: 3 pieces. Bamboo lids. Set of three. Bath canister trio. Wipe dry. Keep bamboo lids away from standing water.	https://www.northroomhome.com/product.html?title=Bamboo%20bathroom%20canister%20set%20%E2%80%94%20three	https://cdn.shopify.com/s/files/1/0035/1623/5811/files/VM3AJ09A_-_extra.jpg?v=1784043361	https://cdn.shopify.com/s/files/1/0035/1623/5811/files/VM3AJ09A_-_1.jpg?v=1774368421,https://cdn.shopify.com/s/files/1/0035/1623/5811/files/VM3AJ09A_-_2.jpg?v=1774368421,https://cdn.shopify.com/s/files/1/0035/1623/5811/files/VM3AJ09A_-_3.jpg?v=1774368421,https://cdn.shopify.com/s/files/1/0035/1623/5811/files/VM3AJ09A_-_4.jpg?v=1774368421	in_stock	28.00 USD	new	Northroom	US:::5.99 USD	667	Home > Storage
S-048	Wall-mounted oak key rail — slim bar, 1 piece	Simple storage that stays quiet in the room. Color: slim bar. Oak wood. Everyday catchall storage. Calm shape for cream and stone rooms. Wipe dry. A light oil refresh is fine on wood. Keep away from standing water.	https://www.northroomhome.com/product.html?title=Wall-mounted%20oak%20key%20rail%20%E2%80%94%20slim%20bar	https://cdn.shopify.com/s/files/1/1041/4358/files/Oak-Key-Rack-5-Peg-Weald-Store-1.jpg?v=1775825878	https://cdn.shopify.com/s/files/1/1041/4358/files/Oak-Key-Rack-5-Peg-Weald-Store-2.jpg?v=1768837485,https://cdn.shopify.com/s/files/1/1041/4358/files/Oak-Key-Rack-5-Peg-Weald-Store-3.jpg?v=1768837485,https://cdn.shopify.com/s/files/1/1041/4358/files/Oak-Key-Rack-5-Peg-Weald-Store-4.jpg?v=1775825878,https://cdn.shopify.com/s/files/1/1041/4358/files/Oak-Key-Rack-5-Peg-Weald-Store-5.jpg?v=1775825878	in_stock	26.00 USD	new	Northroom	US:::5.99 USD	6372	Home > Storage
S-049	Frosted pantry jar set — glass lids eight, 8 pieces	Frosted pantry jars with glass lids — set of eight. Includes: 8 pieces. Quiet piece for cream and stone rooms. Spot clean with mild soap. Air dry. Avoid soaking.	https://www.northroomhome.com/product.html?title=Frosted%20pantry%20jar%20set%20%E2%80%94%20glass%20lids%20eight	https://m.media-amazon.com/images/I/71q1lT98jTL.jpg	https://m.media-amazon.com/images/I/81is3EG9e7L.jpg,https://m.media-amazon.com/images/I/81IITavrdnL.jpg,https://m.media-amazon.com/images/I/81MurW9TalL.jpg,https://m.media-amazon.com/images/I/81T7gBcyCZL.jpg,https://m.media-amazon.com/images/I/71u+agjRZML.jpg	in_stock	44.00 USD	new	Northroom	US:::5.99 USD	667	Home > Storage
L-001	Mushroom wood table lamp — beach, 1 piece	A small rechargeable mushroom table lamp in beach (light wood) finish. Beach light-wood mushroom lamp. USB rechargeable; touch dimming; warm LED under the cap. Compact bedside/shelf size. Wipe with a soft dry cloth. Charge with the included USB cable.	https://www.northroomhome.com/product.html?title=Mushroom%20wood%20table%20lamp%20%E2%80%94%20beach	https://www.northroomhome.com/images/catalog/L-001_0.jpg	https://www.northroomhome.com/images/catalog/L-001_1.jpg,https://www.northroomhome.com/images/catalog/L-001_2.jpg,https://www.northroomhome.com/images/catalog/L-001_3.jpg,https://www.northroomhome.com/images/catalog/L-001_4.jpg,https://www.northroomhome.com/images/catalog/L-001_5.jpg	in_stock	35.99 USD	new	Northroom	US:::5.99 USD	4636	Home > Lighting
L-002	Hand-formed ceramic wall sconce — matte white curve, 1 piece	Wall light with a quiet glow for halls and bedsides. Color: matte white curve. Matte ceramic. Soft ambient light for evenings. Calm finish for cream and stone rooms. Wipe ceramic with a soft dry cloth. Avoid harsh cleaners. Use the bulb type and wattage on the label.	https://www.northroomhome.com/product.html?title=Hand-formed%20ceramic%20wall%20sconce%20%E2%80%94%20matte%20white%20curve	https://cdn.shopify.com/s/files/1/0865/1931/6746/files/557-on.jpg?v=1755603223	https://cdn.shopify.com/s/files/1/0865/1931/6746/files/557-side.jpg?v=1755603223,https://cdn.shopify.com/s/files/1/0865/1931/6746/files/557-ambiance.jpg?v=1755603223,https://cdn.shopify.com/s/files/1/0865/1931/6746/files/557-ambiance2.jpg?v=1755603223,https://cdn.shopify.com/s/files/1/0865/1931/6746/files/D2B8417E-DC6C-417F-985D-1DF2F851EB1B.png?v=1783505390	in_stock	36.00 USD	new	Northroom	US:::5.99 USD	6073	Home > Lighting
L-005	Cordless rechargeable lantern lamp — frosted glass, 1 piece	Cordless rechargeable lantern lamp — frosted glass Color: frosted glass.	https://www.northroomhome.com/product.html?title=Cordless%20rechargeable%20lantern%20lamp%20%E2%80%94%20frosted%20glass	https://cdn.shopify.com/s/files/1/0600/3720/2069/files/FR25_Cordless_LED_Lantern_Lamp_s1.jpg?v=1728502993	https://cdn.shopify.com/s/files/1/0600/3720/2069/files/FR25_Cordless_LED_Lantern_Lamp_e1_web.jpg?v=1728502993,https://cdn.shopify.com/s/files/1/0600/3720/2069/files/FR25_Cordless_LED_Lantern_Lamp_e2_web.jpg?v=1728502993,https://cdn.shopify.com/s/files/1/0600/3720/2069/files/FR25_Cordless_LED_Lantern_Lamp_e3_web.jpg?v=1728502993,https://cdn.shopify.com/s/files/1/0600/3720/2069/files/FR25_Cordless_LED_Lantern_Lamp_e4_web.jpg?v=1728502993,https://cdn.shopify.com/s/files/1/0600/3720/2069/files/FR25_Cordless_LED_Lantern_Lamp_e7_web.jpg?v=1728502993	in_stock	30.00 USD	new	Northroom	US:::5.99 USD	1019	Home > Lighting
L-006	Collapsible silicone camp lantern — gold, 1 piece	Collapsible silicone camp lantern — woodgrain Color: gold.	https://www.northroomhome.com/product.html?title=Collapsible%20silicone%20camp%20lantern%20%E2%80%94%20gold	https://cdn.shopify.com/s/files/1/0008/5894/7642/files/wooden-handle-collapsible-led-lantern-portable-rechargeable-night-light-reading-lamp-for-cozy-ambiance-anywhere-748863.jpg?v=1738793457	https://cdn.shopify.com/s/files/1/0008/5894/7642/files/wooden-handle-collapsible-led-lantern-portable-rechargeable-night-light-reading-lamp-for-cozy-ambiance-anywhere-847310.jpg?v=1738793457,https://cdn.shopify.com/s/files/1/0008/5894/7642/files/wooden-handle-collapsible-led-lantern-portable-rechargeable-night-light-reading-lamp-for-cozy-ambiance-anywhere-225384.jpg?v=1738793457,https://cdn.shopify.com/s/files/1/0008/5894/7642/files/wooden-handle-collapsible-led-lantern-portable-rechargeable-night-light-reading-lamp-for-cozy-ambiance-anywhere-368017.jpg?v=1738793458,https://cdn.shopify.com/s/files/1/0008/5894/7642/files/wooden-handle-collapsible-led-lantern-portable-rechargeable-night-light-reading-lamp-for-cozy-ambiance-anywhere-246600.jpg?v=1738793458,https://cdn.shopify.com/s/files/1/0008/5894/7642/files/wooden-handle-collapsible-led-lantern-portable-rechargeable-night-light-reading-lamp-for-cozy-ambiance-anywhere-309737.jpg?v=1738793458	in_stock	24.00 USD	new	Northroom	US:::5.99 USD	1019	Home > Outdoor
L-007	Woven water hyacinth laundry hamper — tall oat, 1 piece	Woven water hyacinth laundry hamper — tall oat Color: tall oat.	https://www.northroomhome.com/product.html?title=Woven%20water%20hyacinth%20laundry%20hamper%20%E2%80%94%20tall%20oat	https://cdn.shopify.com/s/files/1/0579/8490/9508/files/17932-1.jpg?v=1788678140	https://cdn.shopify.com/s/files/1/0579/8490/9508/files/17932-2.jpg?v=1788678140,https://cdn.shopify.com/s/files/1/0579/8490/9508/files/17932-7.jpg?v=1788678140,https://cdn.shopify.com/s/files/1/0579/8490/9508/files/17932-3.jpg?v=1788678140,https://cdn.shopify.com/s/files/1/0579/8490/9508/files/17932-4.jpg?v=1788678140,https://cdn.shopify.com/s/files/1/0579/8490/9508/files/17932-5.jpg?v=1788678139	in_stock	79.42 USD	new	Northroom	US:::0.00 USD	634	Home > Storage
L-008	Bamboo picnic flatware set — canvas roll, 1 set	Bamboo picnic flatware set — canvas roll Color: canvas roll.	https://www.northroomhome.com/product.html?title=Bamboo%20picnic%20flatware%20set%20%E2%80%94%20canvas%20roll	https://cdn.shopify.com/s/files/1/0814/5482/5753/files/mason-jar-lifestyle-bamboo-utensil-set-roll-up-cotton-carrying-bag-fork-spoon-knife-chopsticks-straw-brush-rolled.jpg?v=1762440102	https://cdn.shopify.com/s/files/1/0814/5482/5753/files/mason-jar-lifestyle-bamboo-utensil-set-roll-up-cotton-carrying-bag-fork-knife-straw-pint-jar-gingham-lid-cutting-board-cheese-apples-salami-crackers.jpg?v=1695767067,https://cdn.shopify.com/s/files/1/0814/5482/5753/files/mason-jar-lifestyle-bamboo-utensil-set-roll-up-cotton-carrying-bag-fork-spoon-knife-chopsticks-straw-brush-flat.jpg?v=1695767078,https://cdn.shopify.com/s/files/1/0814/5482/5753/files/mason-jar-lifestyle-bamboo-utensil-set-roll-up-cotton-carrying-bag-fork-spoon-knife-chopsticks-straw-brush-unrolled.jpg?v=1695767108,https://cdn.shopify.com/s/files/1/0090/5284/8206/products/ScreenShot2020-11-12at2.39.13PM.png?v=1605210302,https://cdn.shopify.com/s/files/1/0090/5284/8206/products/ScreenShot2020-11-12at2.21.05PM.png?v=1605210302	in_stock	24.26 USD	new	Northroom	US:::5.99 USD	5647	Home > Outdoor
L-010	Insulated bottle sling — purple, 1 piece	Insulated bottle sling — oat canvas Color: purple.	https://www.northroomhome.com/product.html?title=Insulated%20bottle%20sling%20%E2%80%94%20purple	https://cdn.shopify.com/s/files/1/0918/7504/9771/files/Cotton_canvas_water_bottle_bag.png?v=1772505136	https://cdn.shopify.com/s/files/1/0918/7504/9771/files/Cotton_Strap.png?v=1772505136,https://cdn.shopify.com/s/files/1/0918/7504/9771/files/Water_bottle_bag_pocket.png?v=1772505136,https://cdn.shopify.com/s/files/1/0918/7504/9771/files/Solly_and_Rue_water_bottle_bag_dimensions.png?v=1772505136,https://cdn.shopify.com/s/files/1/0918/7504/9771/files/Solly_and_Rue_original_water_bottle_bag_with_non_slip_grip.png?v=1772505136,https://cdn.shopify.com/s/files/1/0918/7504/9771/files/effortlessly.png?v=1785355439	in_stock	45.13 USD	new	Northroom	US:::5.99 USD	2507	Home > Outdoor
L-011	Hanging mesh food cover — natural dome, 1 piece	Hanging mesh food cover — natural dome Color: natural dome.	https://www.northroomhome.com/product.html?title=Hanging%20mesh%20food%20cover%20%E2%80%94%20natural%20dome	https://cdn.shopify.com/s/files/1/0690/8841/1875/files/img_91d14924-a428-46e0-ba65-a3cff3fad189.jpg?v=1777431991	https://cdn.shopify.com/s/files/1/0690/8841/1875/files/S80ea78e082a64ee1b8ec1627bb88fb59d.webp?v=1772870884,https://cdn.shopify.com/s/files/1/0690/8841/1875/files/img_76ca5c32-e61d-4100-8e44-0ebff63d8add.jpg?v=1777431991,https://cdn.shopify.com/s/files/1/0690/8841/1875/files/img_9ecdc32e-bdbc-493c-b6ca-c6224b5a1b64.jpg?v=1777431992,https://cdn.shopify.com/s/files/1/0690/8841/1875/files/S9f37a766a3bf46c4a36806e2bc6e08a7y.webp?v=1772870885,https://cdn.shopify.com/s/files/1/0690/8841/1875/files/S3bb67bc9c7cc45a784c597f959128b97E.webp?v=1772870885	in_stock	20.00 USD	new	Northroom	US:::5.99 USD	6481	Home > Outdoor
L-012	Soft canvas camp stool — khaki, 1 piece	Soft canvas camp stool — oat seat Color: khaki.	https://www.northroomhome.com/product.html?title=Soft%20canvas%20camp%20stool%20%E2%80%94%20khaki	https://cdn.shopify.com/s/files/1/0429/4829/6864/files/CIMOTA_Folding_Camping_Stools_Set_of_2_-_2542OT.jpg?v=1745898528	https://cdn.shopify.com/s/files/1/0429/4829/6864/files/CIMOTA_Folding_Camping_Stools_Set_of_2_-_2542OT-14.jpg?v=1745898528,https://cdn.shopify.com/s/files/1/0429/4829/6864/files/CIMOTA_Folding_Camping_Stools_Set_of_2_-_2542OT-13.jpg?v=1745898528,https://cdn.shopify.com/s/files/1/0429/4829/6864/files/CIMOTA_Folding_Camping_Stools_Set_of_2_-_2542OT-12.jpg?v=1745898528,https://cdn.shopify.com/s/files/1/0429/4829/6864/files/CIMOTA_Folding_Camping_Stools_Set_of_2_-_2542OT-11.jpg?v=1745898528,https://cdn.shopify.com/s/files/1/0429/4829/6864/files/CIMOTA_Folding_Camping_Stools_Set_of_2_-_2542OT-10.jpg?v=1745898528	in_stock	42.00 USD	new	Northroom	US:::5.99 USD	4299	Home > Outdoor
L-013	Matte stoneware up-down wall light — bisque, 1 piece	Bisque wall light that washes up and down the wall. Color: bisque. Matte stoneware. Soft ambient light for evenings. Calm finish for cream and stone rooms. Wipe with a soft dry cloth. Avoid harsh cleaners. Use the bulb type on the label.	https://www.northroomhome.com/product.html?title=Matte%20stoneware%20up-down%20wall%20light%20%E2%80%94%20bisque	https://cdn.shopify.com/s/files/1/0632/8809/products/Spartan_Shop_In_Common_With_Ceramic_Up_Down_Sconce_01_b488d139-28e0-471b-b7e5-929a6e09d831.jpg?v=1645738670	https://cdn.shopify.com/s/files/1/0632/8809/products/Spartan_Shop_In_Common_With_Ceramic_Up_Down_Bone_Black_Black_02.jpg?v=1645738670,https://cdn.shopify.com/s/files/1/0632/8809/products/Spartan_Shop_In_Common_With_Ceramic_Up_Down_Green_Green_Green_03.jpg?v=1645738670,https://cdn.shopify.com/s/files/1/0632/8809/products/Spartan_Shop_In_Common_With_Ceramic_Up_Down_Bone_Bone_Bone_03.jpg?v=1645738670,https://cdn.shopify.com/s/files/1/0632/8809/products/Spartan_Shop_In_Common_With_Ceramic_Up_Down_Peach_Terracotta_Terracotta_01.jpg?v=1645738670,https://cdn.shopify.com/s/files/1/0632/8809/products/Spartan_Shop_In_Common_With_Ceramic_Up_Down_Reed_Green_Black_Terracotta_01.jpg?v=1645738670	in_stock	40.00 USD	new	Northroom	US:::5.99 USD	6073	Home > Lighting
L-014	Linen drum table lamp — oak base, 1 piece	A linen drum lamp on oak for quiet bedside light. Color: oak base. Linen shade with oak base. Soft ambient light for evenings. Calm finish for cream and stone rooms. Dust wood and shade. Spot-clean linen carefully. Keep dry. Follow the bulb label.	https://www.northroomhome.com/product.html?title=Linen%20drum%20table%20lamp%20%E2%80%94%20oak%20base	https://cdn.shopify.com/s/files/1/2299/0879/files/Four_Hands_Nora_Light_Oak_Drum_Table_Lamp_Amethyst_Home_Austin.jpg?v=1751050339	https://cdn.shopify.com/s/files/1/2299/0879/files/Four_Hands_Nora_Light_Oak_Drum_Table_Lamp_Amethyst_Home_Houston.jpg?v=1751050340,https://cdn.shopify.com/s/files/1/2299/0879/files/Four_Hands_Nora_Light_Oak_Drum_Table_Lamp_Amethyst_Home_Calabasas.jpg?v=1751050340,https://cdn.shopify.com/s/files/1/2299/0879/files/Four_Hands_Nora_Light_Oak_Drum_Table_Lamp_Amethyst_Home_Alpharetta.jpg?v=1751050340,https://cdn.shopify.com/s/files/1/2299/0879/files/Four_Hands_Nora_Light_Oak_Drum_Table_Lamp_Amethyst_Home_Nashville.jpg?v=1751050340,https://cdn.shopify.com/s/files/1/2299/0879/files/Four_Hands_Nora_Light_Oak_Drum_Table_Lamp_Amethyst_Home_Charlotte.jpg?v=1751050340	in_stock	45.00 USD	new	Northroom	US:::5.99 USD	4636	Home > Lighting
L-015	Ribbed glass pendant — amber soft, 1 piece	A ribbed amber glass pendant for soft light. Color: amber soft. Quiet piece for cream and stone rooms. Spot clean with mild soap. Air dry. Avoid soaking.	https://www.northroomhome.com/product.html?title=Ribbed%20glass%20pendant%20%E2%80%94%20amber%20soft	https://m.media-amazon.com/images/I/51FVNJh8WLL.jpg	https://m.media-amazon.com/images/I/71KcypkMQBL.jpg,https://m.media-amazon.com/images/I/71L6jn0BnyL.jpg,https://m.media-amazon.com/images/I/71MYWEJbD3L.jpg,https://m.media-amazon.com/images/I/71cnYHOaISL.jpg,https://m.media-amazon.com/images/I/71u4snD5GJL.jpg	in_stock	71.99 USD	new	Northroom	US:::0.00 USD	2524	Home > Lighting
L-016	Cordless ceramic mushroom lamp — bisque, 1 piece	A cordless ceramic mushroom lamp you can move around. Color: bisque. Bisque ceramic. Cordless / rechargeable for flexible placement. Calm finish for cream and stone rooms. Wipe with a soft dry cloth. Avoid harsh cleaners. Use the bulb type on the label.	https://www.northroomhome.com/product.html?title=Cordless%20ceramic%20mushroom%20lamp%20%E2%80%94%20bisque	https://m.media-amazon.com/images/I/61Qi7k5TBoL.jpg	https://m.media-amazon.com/images/I/71+iRCrgLxL.jpg,https://m.media-amazon.com/images/I/71O32KP-YiL.jpg,https://m.media-amazon.com/images/I/710rqDRdFmL.jpg,https://m.media-amazon.com/images/I/610g-tOGV3L.jpg,https://m.media-amazon.com/images/I/61G9LB7XeIL.jpg	in_stock	53.99 USD	new	Northroom	US:::0.00 USD	4636	Home > Lighting
L-017	Matte plaster wall sconce — half-dome pair, 2 pieces	Matte plaster sconces with a calm half-dome wash. Includes: 2 pieces. Matte plaster. Calm finish for cream and stone rooms. Wipe with a soft dry cloth. Avoid harsh cleaners. Use the bulb type on the label.	https://www.northroomhome.com/product.html?title=Matte%20plaster%20wall%20sconce%20%E2%80%94%20half-dome%20pair	https://cdn.shopify.com/s/files/1/0299/2822/6915/files/Lulu-and-Georgia_233289-001_ESS_2_Product.jpg?v=1763945433	https://cdn.shopify.com/s/files/1/0299/2822/6915/files/233289-002_PRM_2.jpg?v=1763945433,https://cdn.shopify.com/s/files/1/0299/2822/6915/files/Lulu-and-Georgia_233289-001_DET_2_Product.jpg?v=1763945433,https://cdn.shopify.com/s/files/1/0299/2822/6915/files/233289-002_PRM_1.jpg?v=1763945433,https://cdn.shopify.com/s/files/1/0299/2822/6915/files/233289-002_DET_1.jpg?v=1763945433,https://cdn.shopify.com/s/files/1/0299/2822/6915/files/233289-002_DET_3_ml_resize_x2_c9d3e7d8-ce2d-41e3-9b31-e8ceae393f29.jpg?v=1763945433	in_stock	54.00 USD	new	Northroom	US:::0.00 USD	6073	Home > Lighting
L-018	Walnut tripod floor lamp — linen shade, 1 piece	A walnut tripod floor lamp with a soft linen shade. Color: linen shade. Walnut wood with linen shade. Soft ambient light for evenings. Calm finish for cream and stone rooms. Dust wood and shade. Spot-clean linen carefully. Keep dry. Follow the bulb label.	https://www.northroomhome.com/product.html?title=Walnut%20tripod%20floor%20lamp%20%E2%80%94%20linen%20shade	https://cdn.shopify.com/s/files/1/0743/1746/3862/files/50916799041572f482b5b54e2bc254d2.jpg?v=1781978102	https://cdn.shopify.com/s/files/1/0743/1746/3862/files/5df3d24896e9da64de7427e1146431d6.jpg?v=1778274994,https://cdn.shopify.com/s/files/1/0743/1746/3862/files/86656aa99398d3f770943e4b94f359f0.jpg?v=1778274994,https://cdn.shopify.com/s/files/1/0743/1746/3862/files/8c343e36391a04851687e47baddaadf2.jpg?v=1778274994,https://cdn.shopify.com/s/files/1/0743/1746/3862/files/dc95cdecf8eac218324458bc16768cdf.jpg?v=1778274994,https://cdn.shopify.com/s/files/1/0743/1746/3862/files/c7da581ead25bd67e1c127cb4d293ca0.jpg?v=1778274994	in_stock	74.00 USD	new	Northroom	US:::0.00 USD	4636	Home > Lighting
L-019	Paper rice-shade tripod lamp — ivory, 1 piece	A soft paper rice-shade lamp on a slim tripod base. Color: ivory. Includes: 1 paper rice-shade lamp. Material: paper shade, metal tripod base. Three-color light with button dimming. Wipe clean with a soft dry or damp cloth. Follow any care notes on the product packaging.	https://www.northroomhome.com/product.html?title=Paper%20rice-shade%20tripod%20lamp%20%E2%80%94%20ivory	https://www.northroomhome.com/images/catalog/L-019_0.jpg	https://www.northroomhome.com/images/catalog/L-019_1.jpg,https://www.northroomhome.com/images/catalog/L-019_2.jpg,https://www.northroomhome.com/images/catalog/L-019_3.jpg,https://www.northroomhome.com/images/catalog/L-019_4.jpg,https://www.northroomhome.com/images/catalog/L-019_5.jpg	in_stock	42.00 USD	new	Northroom	US:::5.99 USD	4636	Home > Lighting
L-020	Brushed brass picture light — slim bar, 1 piece	A slim brass bar to light art without fuss. Color: slim bar. Brushed brass. Slim bar for art and mirrors. Calm finish for cream and stone rooms. Wipe with a soft dry cloth. Avoid abrasives that scratch the finish. Follow install and bulb notes on the label.	https://www.northroomhome.com/product.html?title=Brushed%20brass%20picture%20light%20%E2%80%94%20slim%20bar	https://cdn.shopify.com/s/files/1/0635/4835/8891/files/DC-VS-28-BAnglenewbanner.jpg?v=1743454512	https://cdn.shopify.com/s/files/1/0635/4835/8891/files/DC-VS-28Collage.jpg?v=1743454512,https://cdn.shopify.com/s/files/1/0635/4835/8891/files/DC-VS-28-Bartworkanglecrop.jpg?v=1743455094,https://cdn.shopify.com/s/files/1/0635/4835/8891/files/DC-VSutilityshotallincluded_b5bdef21-dad5-43b9-82ea-62c3c064271f.jpg?v=1743454512,https://cdn.shopify.com/s/files/1/0635/4835/8891/files/12.2023AllSituLightingFinishesforsite.png?v=1743454512,https://cdn.shopify.com/s/files/1/0635/4835/8891/files/DC-VS-15-B_a3185c70-8685-40b5-be77-8c664b5a238c.jpg?v=1743454512	in_stock	38.00 USD	new	Northroom	US:::5.99 USD	6073	Home > Lighting
L-021	Ceramic cylinder table lamp — sand glaze, 1 piece	A sand-glaze ceramic lamp for soft bedside light. Color: sand glaze. Ceramic cylinder base with a sand glaze. Soft ambient light for evenings. Calm finish for cream and stone rooms. Wipe ceramic with a soft dry cloth. Avoid harsh cleaners. Use the bulb type and wattage on the label.	https://www.northroomhome.com/product.html?title=Ceramic%20cylinder%20table%20lamp%20%E2%80%94%20sand%20glaze	https://cdn.shopify.com/s/files/1/0355/1320/4874/files/Desert_Sand_Table_Lamp-_12-259823.jpg?v=1725275552	https://cdn.shopify.com/s/files/1/0355/1320/4874/files/Desert_Sand_Table_Lamp_8.jpg?v=1718623343,https://cdn.shopify.com/s/files/1/0355/1320/4874/files/Desert_Sand_Table_Lamp_10.jpg?v=1718623343,https://cdn.shopify.com/s/files/1/0355/1320/4874/files/Desert_Sand_Table_Lamp_9.jpg?v=1718623343,https://cdn.shopify.com/s/files/1/0355/1320/4874/files/Desert_Sand_Table_Lamp_5.jpg?v=1718623343,https://cdn.shopify.com/s/files/1/0355/1320/4874/files/Desert_Sand_Table_Lamp_3-614275.jpg?v=1725275552	in_stock	45.00 USD	new	Northroom	US:::5.99 USD	4636	Home > Lighting
L-023	Frosted glass globe flush mount — warm white, 1 piece	A frosted globe flush mount for quiet, even ceiling light. Color: warm white. Frosted glass globe, warm white. Flush mount for lower ceilings. Calm finish for cream and stone rooms. Wipe glass with a soft cloth. Handle carefully. Follow the bulb wattage on the label.	https://www.northroomhome.com/product.html?title=Frosted%20glass%20globe%20flush%20mount%20%E2%80%94%20warm%20white	https://cdn.shopify.com/s/files/1/0299/2822/6915/files/Lulu-and-Georgia_H1160501-AGB-CIC_002_Product.jpg?v=1781894381	https://cdn.shopify.com/s/files/1/0299/2822/6915/files/Lulu-and-Georgia_H1160501-AGB-CIC_003_Product.jpg?v=1781894381,https://cdn.shopify.com/s/files/1/0299/2822/6915/files/Lulu-and-Georgia_TYRAH1160501-AGB-CIC_001_Product.jpg?v=1781894394,https://cdn.shopify.com/s/files/1/0299/2822/6915/files/Lulu-and-Georgia_TYRAH1160501-AGB-CIC_002_Product.jpg?v=1781894394,https://cdn.shopify.com/s/files/1/0299/2822/6915/files/Lulu-and-Georgia_H1160501-AGB-CFK_003_Product.jpg?v=1781894381,https://cdn.shopify.com/s/files/1/0299/2822/6915/files/Lulu-and-Georgia_H1160501-AGB-CFK_002_Product.jpg?v=1781894381	in_stock	49.00 USD	new	Northroom	US:::5.99 USD	2524	Home > Lighting
L-024	Matte black task lamp — adjustable arm, 1 piece	A matte black task lamp with an adjustable arm for reading. Color: adjustable arm. Matte black metal with adjustable arm. Directed light for desk or bedside reading. Calm finish for cream and stone rooms. Wipe metal with a dry cloth. Check joint tightness now and then. Follow the bulb label.	https://www.northroomhome.com/product.html?title=Matte%20black%20task%20lamp%20%E2%80%94%20adjustable%20arm	https://cdn.shopify.com/s/files/1/0736/9516/6759/files/1307199.jpg?v=1782735375	https://cdn.shopify.com/s/files/1/0736/9516/6759/files/1307203.jpg?v=1782735376,https://cdn.shopify.com/s/files/1/0736/9516/6759/files/1307210.jpg?v=1782735375,https://cdn.shopify.com/s/files/1/0736/9516/6759/files/1307213.jpg?v=1782735375,https://cdn.shopify.com/s/files/1/0736/9516/6759/files/1307218.jpg?v=1782735375,https://cdn.shopify.com/s/files/1/0736/9516/6759/files/1307313.jpg?v=1782735375	in_stock	35.00 USD	new	Northroom	US:::5.99 USD	4636	Home > Lighting
L-025	Alabaster-look column table lamp — linen shade, 1 piece	An alabaster-look column lamp with a soft linen shade. Color: linen shade. Alabaster-look column with linen shade. Soft ambient light for evenings. Calm finish for cream and stone rooms. Dust shade and column gently. Wipe with a soft dry cloth. Follow the bulb label.	https://www.northroomhome.com/product.html?title=Alabaster-look%20column%20table%20lamp%20%E2%80%94%20linen%20shade	https://cdn.shopify.com/s/files/1/0355/1320/4874/files/Raw_Alabaster_Table_Lamp__01.jpg?v=1700541550	https://cdn.shopify.com/s/files/1/0355/1320/4874/files/Raw_Alabaster_Table_Lamp_14_07d57493-5110-4725-8d8b-2d4e3c5492c1.jpg?v=1700541550,https://cdn.shopify.com/s/files/1/0355/1320/4874/products/Raw_Alabaster_Table_Lamp_6.jpg?v=1700541550,https://cdn.shopify.com/s/files/1/0355/1320/4874/products/Raw_Alabaster_Table_Lamp_11.jpg?v=1700541550,https://cdn.shopify.com/s/files/1/0355/1320/4874/products/Raw_Alabaster_Table_Lamp_13.jpg?v=1700541550,https://cdn.shopify.com/s/files/1/0355/1320/4874/products/Raw_Alabaster_Table_Lamp_7.jpg?v=1700541550	in_stock	54.00 USD	new	Northroom	US:::0.00 USD	4636	Home > Lighting
D-001	Speckled stoneware vase — tall oat, 1 piece	A simple vessel for stems or empty calm. Color: tall oat. Speckled stoneware. Calm everyday piece. Quiet finish for cream and stone rooms. Wipe with a soft dry cloth. Avoid harsh cleaners and thermal shock on ceramics.	https://www.northroomhome.com/product.html?title=Speckled%20stoneware%20vase%20%E2%80%94%20tall%20oat	https://cdn.shopify.com/s/files/1/2696/7002/products/00_307ce5d2-84f8-44da-a7bb-840ac08ad5cd.jpg?v=1741875602	https://cdn.shopify.com/s/files/1/2696/7002/products/5505758_liv_05_Medium_20.jpg?v=1741875602,https://cdn.shopify.com/s/files/1/2696/7002/products/5505758_liv_02_Medium_20.jpg?v=1741875602,https://cdn.shopify.com/s/files/1/2696/7002/products/5505758_liv_03_Medium_20.jpg?v=1741875602,https://cdn.shopify.com/s/files/1/2696/7002/products/PRM-5505758_PRM-5505759.jpg?v=1741875602,https://cdn.shopify.com/s/files/1/2696/7002/products/5505758_liv_01_Medium_20.jpg?v=1741875602	in_stock	27.00 USD	new	Northroom	US:::5.99 USD	602	Home > Decor
D-002	Travertine-look catchall tray — rectangular, 1 piece	A small landing spot that keeps the table calm. Color: rectangular. Travertine-look. Calm everyday piece. Quiet finish for cream and stone rooms. Wipe with a soft dry cloth. Avoid harsh cleaners and thermal shock on ceramics.	https://www.northroomhome.com/product.html?title=Travertine-look%20catchall%20tray%20%E2%80%94%20rectangular	https://www.northroomhome.com/images/catalog/D-002_0.jpg	https://www.northroomhome.com/images/catalog/D-002_1.jpg,https://www.northroomhome.com/images/catalog/D-002_2.jpg,https://www.northroomhome.com/images/catalog/D-002_3.jpg,https://www.northroomhome.com/images/catalog/D-002_4.jpg,https://www.northroomhome.com/images/catalog/D-002_5.jpg	in_stock	22.00 USD	new	Northroom	US:::5.99 USD	6456	Home > Decor
D-003	Round wall mirror — thin oak frame, 1 piece	A quiet mirror that opens the wall without noise. Color: thin oak frame. Oak wood. Calm everyday piece. Quiet finish for cream and stone rooms. Wipe with a soft cloth. Handle carefully. Keep dry.	https://www.northroomhome.com/product.html?title=Round%20wall%20mirror%20%E2%80%94%20thin%20oak%20frame	https://cdn.shopify.com/s/files/1/0956/1561/5323/files/3512_create_linn_mirror_naturaloak_01.jpg?v=1777061952	https://cdn.shopify.com/s/files/1/0956/1561/5323/files/3512_create_linn_mirror_natural_oak_environmental_01.jpg?v=1777061953,https://cdn.shopify.com/s/files/1/0956/1561/5323/files/3512_create_linn_mirror_naturaloak_05.jpg?v=1777061953,https://cdn.shopify.com/s/files/1/0956/1561/5323/files/3512_create_linn_mirror_naturaloak_04.jpg?v=1777061954,https://cdn.shopify.com/s/files/1/0956/1561/5323/files/3512_create_linn_mirror_natural_oak_environmental_02.jpg?v=1777061953	in_stock	39.00 USD	new	Northroom	US:::5.99 USD	595	Home > Decor
D-004	Beeswax-blend pillar candle set — cream trio, 3 pieces	Soft scent and light for a still evening. Includes: 3 pieces. Beeswax blend. Quiet finish for cream and stone rooms. Burn on a stable heat-safe surface. Never leave unattended. Trim wick as directed.	https://www.northroomhome.com/product.html?title=Beeswax-blend%20pillar%20candle%20set%20%E2%80%94%20cream%20trio	https://m.media-amazon.com/images/I/61IkK7Dnz6L.jpg	https://m.media-amazon.com/images/I/71dKbBrMy2L.jpg,https://m.media-amazon.com/images/I/71y+mRHgobL.jpg,https://m.media-amazon.com/images/I/81+Zce7CXTL.jpg,https://m.media-amazon.com/images/I/71de+gXbtWL.jpg,https://m.media-amazon.com/images/I/716fe64l-IL.jpg	in_stock	19.00 USD	new	Northroom	US:::5.99 USD	588	Home > Decor
D-005	Matte ceramic planter — cylinder bone, 1 piece	A calm picnic layer for grass, porch, or park. Color: cylinder bone. Matte ceramic. Calm everyday piece. Quiet finish for cream and stone rooms. Wipe with a soft dry cloth. Avoid harsh cleaners and thermal shock on ceramics.	https://www.northroomhome.com/product.html?title=Matte%20ceramic%20planter%20%E2%80%94%20cylinder%20bone	https://cdn.shopify.com/s/files/1/0726/4429/6944/files/f07a89fec712f8ad9bb9b0f38c3cc064.jpg?v=1728021085	https://cdn.shopify.com/s/files/1/0726/4429/6944/files/c70a47467edd7a4ba4a02e60beaaa14d.jpg?v=1728021085,https://cdn.shopify.com/s/files/1/0726/4429/6944/files/d8720d4108f86e9739ccfd79539bc8e1.jpg?v=1728021085,https://cdn.shopify.com/s/files/1/0726/4429/6944/files/9eeb98a15f7d0932e06e440c1147609d.jpg?v=1728021085,https://cdn.shopify.com/s/files/1/0726/4429/6944/files/f988335f312be5368d3669ac900b4705.jpg?v=1728021085,https://cdn.shopify.com/s/files/1/0726/4429/6944/files/9ed2746030224b74c878bc62e1baf2a3.jpg?v=1728021085	in_stock	24.00 USD	new	Northroom	US:::5.99 USD	721	Home > Decor
D-006	Acacia wood serving board — long oval, 1 piece	A small landing spot that keeps the table calm. Color: long oval. Acacia wood. Calm everyday piece. Quiet finish for cream and stone rooms. Wipe dry. Oil wood lightly if it feels dry. Keep out of standing water when possible.	https://www.northroomhome.com/product.html?title=Acacia%20wood%20serving%20board%20%E2%80%94%20long%20oval	https://cdn.shopify.com/s/files/1/0082/1336/4788/products/LongOvalAcaciaWoodPlatter1.jpg?v=1651763216	https://cdn.shopify.com/s/files/1/0082/1336/4788/products/DSC02714.jpg?v=1657880261,https://cdn.shopify.com/s/files/1/0082/1336/4788/products/DSC03107.jpg?v=1657880261,https://cdn.shopify.com/s/files/1/0082/1336/4788/products/DSC03429-Edit.jpg?v=1657880261,https://cdn.shopify.com/s/files/1/0082/1336/4788/products/LongOvalAcaciaWoodPlatter2.jpg?v=1657880261,https://cdn.shopify.com/s/files/1/0082/1336/4788/products/LongOvalAcaciaWoodPlatter02.jpg?v=1657880260	in_stock	28.00 USD	new	Northroom	US:::5.99 USD	4009	Home > Decor
D-007	Ribbed glass bud vase pair — smoke tint, 2 pieces	A smoke-tinted ribbed glass pair for stems or empty calm. Includes: 2 pieces. Ribbed / fluted glass, smoke tint. Sold as a pair. Quiet U-shape for cream and stone rooms. Wipe with a soft cloth. Handle carefully. Keep dry.	https://www.northroomhome.com/product.html?title=Ribbed%20glass%20bud%20vase%20pair%20%E2%80%94%20smoke%20tint	https://cdn.shopify.com/s/files/1/0879/6962/8508/files/GlassUShapeVase_Grey_Small_00_8eb842a0-d9b4-4fd0-94f5-537b6214ce94.jpg?v=1736363995	https://cdn.shopify.com/s/files/1/0879/6962/8508/files/GlassUShapeVases_1.jpg?v=1736363995,https://cdn.shopify.com/s/files/1/0879/6962/8508/files/GlassUShapeVases_2.jpg?v=1736363995,https://cdn.shopify.com/s/files/1/0879/6962/8508/files/3374B6E2-2BD9-481F-AD79-2A2B70E20F3F.jpg?v=1736363995,https://cdn.shopify.com/s/files/1/0879/6962/8508/files/GlassUShapeVase_Grey_Small_1.jpg?v=1736363995	in_stock	26.00 USD	new	Northroom	US:::5.99 USD	602	Home > Decor
D-008	Woven seagrass wall object — shallow disc, 1 piece	A quiet object that finishes a shelf. Color: shallow disc. Woven seagrass. Calm everyday piece. Quiet finish for cream and stone rooms. Dust or wipe gently. Keep dry. Avoid soaking.	https://www.northroomhome.com/product.html?title=Woven%20seagrass%20wall%20object%20%E2%80%94%20shallow%20disc	https://cdn.shopify.com/s/files/1/0571/3146/6916/products/Bristo-Seagrass-Wall-Decor_1.jpg?v=1703654753	https://cdn.shopify.com/s/files/1/0571/3146/6916/products/Bristo-Seagrass-Wall-Decor_3.jpg?v=1703654763,https://cdn.shopify.com/s/files/1/0571/3146/6916/products/Bristo-Seagrass-Wall-Decor_4.jpg?v=1703654768,https://cdn.shopify.com/s/files/1/0571/3146/6916/products/Bristo-Seagrass-Wall-Decor_5.jpg?v=1703654773,https://cdn.shopify.com/s/files/1/0571/3146/6916/products/Bristo-Seagrass-Wall-Decor_6.jpg?v=1703654778	in_stock	30.00 USD	new	Northroom	US:::5.99 USD	696	Home > Decor
D-009	Ceramic incense holder — low boat stone, 1 piece	Soft scent and light for a still evening. Color: low boat stone. Ceramic. Calm everyday piece. Quiet finish for cream and stone rooms. Wipe with a soft dry cloth. Avoid harsh cleaners and thermal shock on ceramics.	https://www.northroomhome.com/product.html?title=Ceramic%20incense%20holder%20%E2%80%94%20low%20boat%20stone	https://cdn.shopify.com/s/files/1/0784/9607/1897/files/1735304412_8852ebae-5bf4-4106-beff-8ad949be4026.jpg?v=1765991040	https://cdn.shopify.com/s/files/1/0784/9607/1897/files/1735304412_41e4b67e-829f-4c26-8cf0-230679f27c22.jpg?v=1765991040,https://cdn.shopify.com/s/files/1/0784/9607/1897/files/1735304412_8b9eb156-e162-404b-a855-019ca88b5124.jpg?v=1765991040,https://cdn.shopify.com/s/files/1/0784/9607/1897/files/1735304412_02cfdb69-206b-49fc-ad46-d0b28be617af.jpg?v=1765991040,https://cdn.shopify.com/s/files/1/0784/9607/1897/files/1735304411_3163a5e4-b929-4538-b146-df84148440a8.jpg?v=1765991040,https://cdn.shopify.com/s/files/1/0784/9607/1897/files/1735304411_7c5bcb3b-1134-4f6a-b48a-b56a9bff7777.jpg?v=1765991040	in_stock	17.00 USD	new	Northroom	US:::5.99 USD	4741	Home > Decor
D-010	Arched metal table mirror — matte brass, 1 piece	A calm picnic layer for grass, porch, or park. Color: matte brass. Metal. Calm everyday piece. Quiet finish for cream and stone rooms. Wipe with a soft cloth. Handle carefully. Keep dry.	https://www.northroomhome.com/product.html?title=Arched%20metal%20table%20mirror%20%E2%80%94%20matte%20brass	https://cdn.shopify.com/s/files/1/0017/9712/8252/files/190005.jpg?v=1721694772	https://cdn.shopify.com/s/files/1/0017/9712/8252/files/190005_7.jpg?v=1721694772,https://cdn.shopify.com/s/files/1/0017/9712/8252/files/190005_1.jpg?v=1721694772,https://cdn.shopify.com/s/files/1/0017/9712/8252/files/190005_2.jpg?v=1718759362,https://cdn.shopify.com/s/files/1/0017/9712/8252/files/190005_5.jpg?v=1718759362,https://cdn.shopify.com/s/files/1/0017/9712/8252/files/190005_4.jpg?v=1718759362	in_stock	33.00 USD	new	Northroom	US:::5.99 USD	595	Home > Decor
D-011	Concrete-look bookend pair — soft grey, 2 pieces	A quiet object that finishes a shelf. Includes: 2 pieces. Color: soft grey. Concrete-look. Quiet finish for cream and stone rooms. Wipe with a soft dry cloth. Avoid harsh cleaners and thermal shock on ceramics.	https://www.northroomhome.com/product.html?title=Concrete-look%20bookend%20pair%20%E2%80%94%20soft%20grey	https://cdn.shopify.com/s/files/1/1586/2541/files/Arched_Concrete_Bookends_Set_of_2_-_Grey.jpg?v=1763111437	https://cdn.shopify.com/s/files/1/1586/2541/files/ArchedConcreteBookends_Setof2-Grey_5.jpg?v=1770200481,https://cdn.shopify.com/s/files/1/1586/2541/files/ArchedConcreteBookends_Setof2-Grey_1.jpg?v=1770200481,https://cdn.shopify.com/s/files/1/1586/2541/files/ArchedConcreteBookends_Setof2-Grey_6.jpg?v=1770200481,https://cdn.shopify.com/s/files/1/1586/2541/files/ArchedConcreteBookends_Setof2-Grey_3.jpg?v=1770200481,https://cdn.shopify.com/s/files/1/1586/2541/files/ArchedConcreteBookends_Setof2-Grey_7.jpg?v=1763111437	in_stock	26.00 USD	new	Northroom	US:::5.99 USD	587	Home > Decor
D-012	Linen-wrapped decorative box — lidded ivory, 1 piece	Soft storage and display without visual clutter. Color: lidded ivory. Linen-wrapped. Calm everyday piece. Quiet finish for cream and stone rooms. Spot clean or gentle wash if the label allows. Air dry. Avoid high heat.	https://www.northroomhome.com/product.html?title=Linen-wrapped%20decorative%20box%20%E2%80%94%20lidded%20ivory	https://cdn.shopify.com/s/files/1/0590/9626/8834/files/81eUirCPx_L.jpg?v=1774531771	https://cdn.shopify.com/s/files/1/0590/9626/8834/files/8130vFb0EDL.jpg?v=1774531775,https://cdn.shopify.com/s/files/1/0590/9626/8834/files/81bdRF2gccL.jpg?v=1774531778,https://cdn.shopify.com/s/files/1/0590/9626/8834/files/81WSB_V6i5L.jpg?v=1774531781,https://cdn.shopify.com/s/files/1/0590/9626/8834/files/81gJeWGPs_L_8894a130-da5a-4eec-a36c-32441ae9a73e.jpg?v=1774531784,https://cdn.shopify.com/s/files/1/0590/9626/8834/files/81WxMXvnNRL.jpg?v=1774531787	in_stock	26.00 USD	new	Northroom	US:::5.99 USD	5631	Home > Decor
D-013	Hand-thrown ceramic bowl — wide shallow oat, 1 piece	A wide ceramic bowl for fruit or empty calm. Color: wide shallow oat. Ceramic. Calm everyday piece. Quiet finish for cream and stone rooms. Wipe with a soft dry cloth. Avoid harsh cleaners and thermal shock on ceramics.	https://www.northroomhome.com/product.html?title=Hand-thrown%20ceramic%20bowl%20%E2%80%94%20wide%20shallow%20oat	https://cdn.shopify.com/s/files/1/0633/7721/1619/files/N5DG29WH_30.jpg?v=1775546869	https://cdn.shopify.com/s/files/1/0633/7721/1619/files/N5DG29WH_55764b0a-5146-426f-b9a1-67389cf1e18a.jpg?v=1775546641,https://cdn.shopify.com/s/files/1/0633/7721/1619/files/N5DG29WH_31.jpg?v=1775546869,https://cdn.shopify.com/s/files/1/0633/7721/1619/files/N5DG29WH_94.jpg?v=1775546869,https://cdn.shopify.com/s/files/1/0633/7721/1619/files/N5DG29WH_9.jpg?v=1775546869,https://cdn.shopify.com/s/files/1/0633/7721/1619/files/N5DG29WH_1.jpg?v=1752348213	in_stock	30.00 USD	new	Northroom	US:::5.99 USD	6457	Home > Decor
D-015	Travertine-look pedestal stand — short, 1 piece	A short stand that lifts one object with quiet. Color: short. Travertine-look. Calm everyday piece. Quiet finish for cream and stone rooms. Wipe with a soft dry cloth. Avoid harsh cleaners and thermal shock on ceramics.	https://www.northroomhome.com/product.html?title=Travertine-look%20pedestal%20stand%20%E2%80%94%20short	https://m.media-amazon.com/images/I/71mH6nlYl1L.jpg	https://m.media-amazon.com/images/I/71qV6-1YoTL.jpg,https://m.media-amazon.com/images/I/716buyOxoLL.jpg,https://m.media-amazon.com/images/I/71lHhWAVItL.jpg,https://m.media-amazon.com/images/I/71d9jjuxmeL.jpg,https://m.media-amazon.com/images/I/71hSFPtk5QL.jpg	in_stock	45.00 USD	new	Northroom	US:::5.99 USD	696	Home > Decor
D-016	Smoke glass hurricane vase — tall, 1 piece	A simple vessel for stems or empty calm. Color: tall. Smoke glass. Calm everyday piece. Quiet finish for cream and stone rooms. Wipe with a soft cloth. Handle carefully. Keep dry.	https://www.northroomhome.com/product.html?title=Smoke%20glass%20hurricane%20vase%20%E2%80%94%20tall	https://cdn.shopify.com/s/files/1/1918/2419/products/arteriors-duncan-tall-hurricane.jpg?v=1597245490	https://cdn.shopify.com/s/files/1/1918/2419/files/arteriors-duncan-tall-hurricane-market.jpg?v=1698111761,https://cdn.shopify.com/s/files/1/1918/2419/files/arteriors-duncan-tall-hurricane-styled-photo.jpg?v=1698111743,https://cdn.shopify.com/s/files/1/1918/2419/products/arteriors-duncan-tall-hurricane-styled-detail.jpg?v=1698111743,https://cdn.shopify.com/s/files/1/1918/2419/products/arteriors-duncan-tall-hurricane-with-short.jpg?v=1698111743,https://cdn.shopify.com/s/files/1/1918/2419/products/arteriors-duncan-tall-hurricane-top.jpg?v=1698111743	in_stock	35.00 USD	new	Northroom	US:::5.99 USD	602	Home > Decor
D-017	Matte ceramic incense tower — bone, 1 piece	A calm picnic layer for grass, porch, or park. Color: bone. Matte ceramic. Calm everyday piece. Quiet finish for cream and stone rooms. Wipe with a soft dry cloth. Avoid harsh cleaners and thermal shock on ceramics.	https://www.northroomhome.com/product.html?title=Matte%20ceramic%20incense%20tower%20%E2%80%94%20bone	https://cdn.shopify.com/s/files/1/0784/5003/2859/files/O1CN01HbKmV42NKrw7JQg54__2744939945_jpg.jpg?v=1767527022	https://cdn.shopify.com/s/files/1/0784/5003/2859/files/O1CN01aAcjcZ2NKrw6ZaXJB__2744939945_jpg.jpg?v=1767527077,https://cdn.shopify.com/s/files/1/0784/5003/2859/files/O1CN01zgrlJF2NKrw5ytwxg__2744939945_jpg_q50_jpg.jpg?v=1767527077,https://cdn.shopify.com/s/files/1/0784/5003/2859/files/O1CN01DuiXXN2NKrvzSbblh__2744939945_jpg_q50_jpg.jpg?v=1767527077,https://cdn.shopify.com/s/files/1/0784/5003/2859/files/O1CN01EP2sg12NKrw5F22um__2744939945_jpg_q50_jpg.jpg?v=1767520567	in_stock	23.00 USD	new	Northroom	US:::5.99 USD	4741	Home > Decor
D-018	Oak wood chain link object — three link, 1 piece	A quiet object that finishes a shelf. Includes: 3 link. Oak wood. Calm everyday piece. Quiet finish for cream and stone rooms. Wipe dry. Oil wood lightly if it feels dry. Keep out of standing water when possible.	https://www.northroomhome.com/product.html?title=Oak%20wood%20chain%20link%20object%20%E2%80%94%20three%20link	https://cdn.shopify.com/s/files/1/0618/9314/8838/files/61dACxONS9L.jpg?v=1728887472	https://cdn.shopify.com/s/files/1/0618/9314/8838/files/61e5rlLryLL.jpg?v=1728887472,https://cdn.shopify.com/s/files/1/0618/9314/8838/files/61t9UD2eomL.jpg?v=1728887472,https://cdn.shopify.com/s/files/1/0618/9314/8838/files/61UN7XmO7XL_a785c656-8747-4b70-9e3b-70ddf3883a86.jpg?v=1728887472,https://cdn.shopify.com/s/files/1/0618/9314/8838/files/71GR07rHKjL.jpg?v=1728887472,https://cdn.shopify.com/s/files/1/0618/9314/8838/files/617zvViPvkL.jpg?v=1728887472	in_stock	31.00 USD	new	Northroom	US:::5.99 USD	696	Home > Decor
D-019	Linen-wrapped photo frame pair — soft ivory, 2 pieces	Soft storage and display without visual clutter. Includes: 2 pieces. Color: soft ivory. Linen-wrapped. Quiet finish for cream and stone rooms. Spot clean or gentle wash if the label allows. Air dry. Avoid high heat.	https://www.northroomhome.com/product.html?title=Linen-wrapped%20photo%20frame%20pair%20%E2%80%94%20soft%20ivory	https://m.media-amazon.com/images/I/81tTLUWX1BL.jpg	https://m.media-amazon.com/images/I/71Onp2Xo3xL.jpg,https://m.media-amazon.com/images/I/71OVsI8xSzL.jpg,https://m.media-amazon.com/images/I/715S1D3JERL.jpg,https://m.media-amazon.com/images/I/61bUUWq2t8L.jpg,https://m.media-amazon.com/images/I/71UCxE5rYKL.jpg	in_stock	26.00 USD	new	Northroom	US:::5.99 USD	597	Home > Decor
D-020	Speckled stoneware planter — wide low, 1 piece	A quiet planter that keeps greenery grounded. Color: wide low. Speckled stoneware. Calm everyday piece. Quiet finish for cream and stone rooms. Wipe with a soft dry cloth. Avoid harsh cleaners and thermal shock on ceramics.	https://www.northroomhome.com/product.html?title=Speckled%20stoneware%20planter%20%E2%80%94%20wide%20low	https://cdn.shopify.com/s/files/1/0350/5665/files/Delphine_94d1393e-b105-4d4d-8ff6-f8768b61394a.jpg?v=1775238311	https://cdn.shopify.com/s/files/1/0350/5665/files/delphine.jpg?v=1775238468,https://cdn.shopify.com/s/files/1/0350/5665/files/delphine_1.jpg?v=1775238470,https://cdn.shopify.com/s/files/1/0350/5665/files/delphine_2.jpg?v=1775238314,https://cdn.shopify.com/s/files/1/0350/5665/files/Delphine_1_a8884a0d-15f9-4563-af24-7d9a20889be1.jpg?v=1775238315,https://cdn.shopify.com/s/files/1/0350/5665/files/delphine-with-dahlias.jpg?v=1775238317	in_stock	32.00 USD	new	Northroom	US:::5.99 USD	721	Home > Decor
D-021	Brushed brass taper candleholders — pair, 2 pieces	Soft scent and light for a still evening. Includes: 2 pieces. Brushed brass. Quiet finish for cream and stone rooms. Wipe with a soft dry cloth. Avoid abrasives that scratch the finish.	https://www.northroomhome.com/product.html?title=Brushed%20brass%20taper%20candleholders%20%E2%80%94%20pair	https://cdn.shopify.com/s/files/1/1334/4597/files/CRT-DF7411.jpg?v=1785427744	https://cdn.shopify.com/s/files/1/1334/4597/files/blue_candles.jpg?v=1730490137,https://cdn.shopify.com/s/files/1/1334/4597/files/PDP_76_635671f7-8c6e-4460-8c42-f49b4c85b754.jpg?v=1753720983,https://cdn.shopify.com/s/files/1/1334/4597/files/PDP_77_f877536c-d2e7-4629-937a-a53812f4204d.jpg?v=1730934838,https://cdn.shopify.com/s/files/1/0658/1781/files/prod_BGIA-BRA_Front_01.png?v=1777656171,https://cdn.shopify.com/s/files/1/0658/1781/files/prod_BGIA-BRA_d1.png?v=1777656172	in_stock	25.00 USD	new	Northroom	US:::5.99 USD	2784	Home > Decor
D-022	Woven seagrass tray — oval large, 1 piece	A small landing spot that keeps the table calm. Color: oval large. Woven seagrass. Calm everyday piece. Quiet finish for cream and stone rooms. Dust or wipe gently. Keep dry. Avoid soaking.	https://www.northroomhome.com/product.html?title=Woven%20seagrass%20tray%20%E2%80%94%20oval%20large	https://cdn.shopify.com/s/files/1/1496/0124/files/20260707_SS_Bedroom_Decor_012-T.jpg?v=1785441366	https://cdn.shopify.com/s/files/1/1496/0124/files/SeagrassOvalTray-MDCR2857-NAT-MAIN-T.jpg?v=1707866048,https://cdn.shopify.com/s/files/1/1496/0124/files/SeagrassOvalTray-MDCR2857-NAT-D1-T.jpg?v=1712331097,https://cdn.shopify.com/s/files/1/1496/0124/files/20240215_SS_Decor_Baskets_017-T.jpg?v=1712086741,https://cdn.shopify.com/s/files/1/1496/0124/files/studiomcgee-Summer-20240124-0514-T.jpg?v=1712252692,https://cdn.shopify.com/s/files/1/1496/0124/files/SeagrassOvalTray-MDCR2857-NAT-S-MAIN-T.jpg?v=1712331097	in_stock	35.00 USD	new	Northroom	US:::5.99 USD	6456	Home > Decor
D-023	Round mirror — thin brushed nickel rim, 1 piece	A quiet mirror that opens the wall without noise. Color: thin brushed nickel rim. Brushed nickel. Calm everyday piece. Quiet finish for cream and stone rooms. Wipe with a soft cloth. Handle carefully. Keep dry.	https://www.northroomhome.com/product.html?title=Round%20mirror%20%E2%80%94%20thin%20brushed%20nickel%20rim	https://cdn.shopify.com/s/files/1/0871/8198/4027/files/Korra_Brushed_Nickel_Modern_Round_Wall_Mirror_Front_View.jpg?v=1786946348	https://cdn.shopify.com/s/files/1/0871/8198/4027/files/Korra_Brushed_Nickel_Modern_Round_Wall_Mirror_Side_View.jpg?v=1786946349,https://cdn.shopify.com/s/files/1/0871/8198/4027/files/Korra_Brushed_Nickel_Modern_Round_Wall_Mirror_Framed_Bathroom_Mirrors_Side_View.jpg?v=1786946349,https://cdn.shopify.com/s/files/1/0871/8198/4027/files/Korra_Brushed_Nickel_Modern_Round_Wall_Mirror_Detail_View1.jpg?v=1786946270,https://cdn.shopify.com/s/files/1/0871/8198/4027/files/Korra_Brushed_Nickel_Modern_Round_Wall_Mirror_Detail_View2.jpg?v=1786946269,https://cdn.shopify.com/s/files/1/0871/8198/4027/files/Korra_Brushed_Nickel_Modern_Round_Wall_Mirror_Detail_View3.jpg?v=1786946270	in_stock	50.00 USD	new	Northroom	US:::0.00 USD	595	Home > Decor
D-024	Concrete-look sculptural knot — soft grey, 1 piece	A quiet object that finishes a shelf. Color: soft grey. Concrete-look. Calm everyday piece. Quiet finish for cream and stone rooms. Wipe with a soft dry cloth. Avoid harsh cleaners and thermal shock on ceramics.	https://www.northroomhome.com/product.html?title=Concrete-look%20sculptural%20knot%20%E2%80%94%20soft%20grey	https://cdn.shopify.com/s/files/1/1463/6454/files/SBH-18859-02_9.jpg?v=1763447939	https://cdn.shopify.com/s/files/1/1463/6454/files/SBH-18859-02_11f2e406-4d87-4172-9948-a998e1168238.jpg?v=1768979090,https://cdn.shopify.com/s/files/1/1463/6454/files/SBH-18859-02_8.jpg?v=1763447936,https://cdn.shopify.com/s/files/1/1463/6454/files/SBH-18859-02_10_392bc406-533b-4f1f-8d3f-b1a829951236.jpg?v=1768976345,https://cdn.shopify.com/s/files/1/1463/6454/files/SBH-18859-02_9_07f04942-73e2-49f2-89c4-c57a7272785c.jpg?v=1768976284,https://cdn.shopify.com/s/files/1/1463/6454/files/SBH-18859-02_8_fca15871-ce51-46b3-98e6-d500b43be03e.jpg?v=1768976213	in_stock	29.00 USD	new	Northroom	US:::5.99 USD	696	Home > Decor
D-025	Ceramic bud vase trio — tonal sand, 3 pieces	A simple vessel for stems or empty calm. Includes: 3 pieces. Color: tonal sand. Ceramic. Quiet finish for cream and stone rooms. Wipe with a soft dry cloth. Avoid harsh cleaners and thermal shock on ceramics.	https://www.northroomhome.com/product.html?title=Ceramic%20bud%20vase%20trio%20%E2%80%94%20tonal%20sand	https://cdn.shopify.com/s/files/1/0761/3150/0338/files/1couzu7_jpg_cf8d0214-c85b-4055-b192-2d52cd92aedd.jpg?v=1780636622	https://cdn.shopify.com/s/files/1/0761/3150/0338/files/1couzu7_jpg_01dc4a92-3391-4794-93e2-e6118d0485ef.jpg?v=1780636622,https://cdn.shopify.com/s/files/1/0761/3150/0338/files/1couzu7_jpg_880b5e7f-4466-4289-a63a-42759d7925ca.jpg?v=1780636622,https://cdn.shopify.com/s/files/1/0761/3150/0338/files/1couzu7_jpg_105b0452-5e45-483b-9a73-2501cfdf13be.jpg?v=1780636624,https://cdn.shopify.com/s/files/1/0761/3150/0338/files/1couzu7_jpg.jpg?v=1780636622,https://cdn.shopify.com/s/files/1/0761/3150/0338/files/1couzu7_jpg_9899b59c-7739-4419-a674-b78d18c93cf2.jpg?v=1780636622	in_stock	32.00 USD	new	Northroom	US:::5.99 USD	602	Home > Decor
O-001	Rechargeable camping lantern — frosted dome, 1 piece	A compact rechargeable camping lantern with a frosted dome that throws a soft, even glow. Color: frosted dome. Frosted dome soft-glow lantern with warm-white and color modes. Retractable string light (about 8–10 m depending on variant) plus magnetic base and hang hook. USB rechargeable. Includes: 1 lantern (Warm and Radiant Light 2in1 / warm-white preferred). Wipe clean. Charge with the included USB cable. Keep dry when charging indoors.	https://www.northroomhome.com/product.html?title=Rechargeable%20camping%20lantern%20%E2%80%94%20frosted%20dome	https://www.northroomhome.com/images/catalog/O-001_0.jpg	https://www.northroomhome.com/images/catalog/O-001_1.jpg,https://www.northroomhome.com/images/catalog/O-001_2.jpg,https://www.northroomhome.com/images/catalog/O-001_3.jpg,https://www.northroomhome.com/images/catalog/O-001_4.jpg,https://www.northroomhome.com/images/catalog/O-001_5.jpg	in_stock	28.00 USD	new	Northroom	US:::5.99 USD	1019	Home > Outdoor
O-002	Packable ground picnic mat — oat canvas, 1 piece	A calm picnic layer for grass, porch, or park. Color: oat canvas. Canvas. Packs or folds for easy storage. Quiet finish for cream and stone rooms. Spot clean or gentle wash if the label allows. Air dry. Avoid high heat.	https://www.northroomhome.com/product.html?title=Packable%20ground%20picnic%20mat%20%E2%80%94%20oat%20canvas	https://cdn.shopify.com/s/files/1/0706/8028/1300/files/Sa46905199d8c4427b1641f85b94d1c1ce.webp?v=1722582367	https://cdn.shopify.com/s/files/1/0706/8028/1300/files/Sc75c068d8e84442b97b4f5485fba64c6P.webp?v=1722582367,https://cdn.shopify.com/s/files/1/0706/8028/1300/files/Sda7769b175344bd18f54f2b884a75100F.webp?v=1722582367,https://cdn.shopify.com/s/files/1/0706/8028/1300/files/S3de5837d0d3e46dc81c890e591feba39l.webp?v=1722582367,https://cdn.shopify.com/s/files/1/0706/8028/1300/files/Sf361f0d229744bbebb9ee0509084320bu.webp?v=1722582367,https://cdn.shopify.com/s/files/1/0706/8028/1300/files/Sd346b26aa39445f4844892eed73509d6c.webp?v=1722582367	in_stock	36.00 USD	new	Northroom	US:::5.99 USD	5910	Home > Outdoor
O-003	Soft insulated cool bag — stone canvas, 1 piece	A quiet bag for food and drink on the go. Color: stone canvas. Canvas. Calm everyday piece. Quiet finish for cream and stone rooms. Spot clean or gentle wash if the label allows. Air dry. Avoid high heat.	https://www.northroomhome.com/product.html?title=Soft%20insulated%20cool%20bag%20%E2%80%94%20stone%20canvas	https://m.media-amazon.com/images/I/81OpMqFBz2L.jpg	https://m.media-amazon.com/images/I/71C+HFuBK6L.jpg,https://m.media-amazon.com/images/I/81igDYUjpoL.jpg,https://m.media-amazon.com/images/I/71Tl8Zv0EUL.jpg,https://m.media-amazon.com/images/I/814681HM9SL.jpg,https://m.media-amazon.com/images/I/71grFsVaL4L.jpg	in_stock	31.00 USD	new	Northroom	US:::5.99 USD	2507	Home > Outdoor
O-005	Cotton picnic blanket — sand with leather carry, 1 piece	A calm picnic layer for grass, porch, or park. Color: sand with leather carry. Cotton. Calm everyday piece. Quiet finish for cream and stone rooms. Spot clean or gentle wash if the label allows. Air dry. Avoid high heat.	https://www.northroomhome.com/product.html?title=Cotton%20picnic%20blanket%20%E2%80%94%20sand%20with%20leather%20carry	https://cdn.shopify.com/s/files/1/0820/6126/3179/files/Sbc3bc30fd1754d63aaf18286eb89edd2B.webp?v=1714240682	https://cdn.shopify.com/s/files/1/0820/6126/3179/files/S53ced388c9374d77afabe246853b78f97.webp?v=1714240683,https://cdn.shopify.com/s/files/1/0820/6126/3179/files/S338153f1c3154de0a279671816318e65K.webp?v=1714240683,https://cdn.shopify.com/s/files/1/0820/6126/3179/files/Sfe645dfaace24160a7c82669657f88c1q.webp?v=1714240684,https://cdn.shopify.com/s/files/1/0820/6126/3179/files/S5ff44ff29f5045be86dc8f65db899fecJ.webp?v=1714240683,https://cdn.shopify.com/s/files/1/0820/6126/3179/files/S79c6707ec09a40d6856dc5c6115b4ce3C.webp?v=1714240683	in_stock	34.00 USD	new	Northroom	US:::5.99 USD	5910	Home > Outdoor
O-009	Low-profile outdoor floor cushion — olive linen look, 1 piece	A low outdoor cushion for porch or picnic. Color: olive linen look. Linen look. Calm everyday piece. Quiet finish for cream and stone rooms. Spot clean or gentle wash if the label allows. Air dry. Avoid high heat.	https://www.northroomhome.com/product.html?title=Low-profile%20outdoor%20floor%20cushion%20%E2%80%94%20olive%20linen%20look	https://cdn.shopify.com/s/files/1/3066/3030/files/Luca_Linen_Cushion_-_Olive_60x60cm.jpg?v=1788304805	https://cdn.shopify.com/s/files/1/3066/3030/files/Luca_Linen_Cushion_-_Olive_2.jpg?v=1788304805,https://cdn.shopify.com/s/files/1/3066/3030/files/Eadie_Lifestyle_W25_Zen_Luca_Cushion_Olive__Zen_Throw_5566-58.jpg?v=1741038268,https://cdn.shopify.com/s/files/1/3066/3030/files/Eadie_Lifestyle_W25_Zen_Luca_Cushion_Olive_5598-62.jpg?v=1741038268,https://cdn.shopify.com/s/files/1/3066/3030/files/Eadie_Lifestyle_W25_Zen_Luca_Cushions_Olive_5643-67.jpg?v=1741038268,https://cdn.shopify.com/s/files/1/3066/3030/files/Eadie_Lifestyle_W25_Zen_Luca_Cushion_Olive_5563-55.jpg?v=1741038268	in_stock	30.00 USD	new	Northroom	US:::5.99 USD	4453	Home > Outdoor
O-010	Bamboo picnic flatware set — canvas roll, 1 set	Bamboo picnic flatware set — canvas roll Color: canvas roll.	https://www.northroomhome.com/product.html?title=Bamboo%20picnic%20flatware%20set%20%E2%80%94%20canvas%20roll	https://cdn.shopify.com/s/files/1/0814/5482/5753/files/mason-jar-lifestyle-bamboo-utensil-set-roll-up-cotton-carrying-bag-fork-spoon-knife-chopsticks-straw-brush-rolled.jpg?v=1762440102	https://cdn.shopify.com/s/files/1/0814/5482/5753/files/mason-jar-lifestyle-bamboo-utensil-set-roll-up-cotton-carrying-bag-fork-knife-straw-pint-jar-gingham-lid-cutting-board-cheese-apples-salami-crackers.jpg?v=1695767067,https://cdn.shopify.com/s/files/1/0814/5482/5753/files/mason-jar-lifestyle-bamboo-utensil-set-roll-up-cotton-carrying-bag-fork-spoon-knife-chopsticks-straw-brush-flat.jpg?v=1695767078,https://cdn.shopify.com/s/files/1/0814/5482/5753/files/mason-jar-lifestyle-bamboo-utensil-set-roll-up-cotton-carrying-bag-fork-spoon-knife-chopsticks-straw-brush-unrolled.jpg?v=1695767108,https://cdn.shopify.com/s/files/1/0090/5284/8206/products/ScreenShot2020-11-12at2.39.13PM.png?v=1605210302,https://cdn.shopify.com/s/files/1/0090/5284/8206/products/ScreenShot2020-11-12at2.21.05PM.png?v=1605210302	in_stock	20.00 USD	new	Northroom	US:::5.99 USD	5647	Home > Outdoor
O-011	Soft-sided wine cooler tote — greige, 1 piece	A quiet bag for food and drink on the go. Color: greige. Calm everyday piece. Quiet finish for cream and stone rooms. Wipe clean with a soft cloth. Follow any care card in the box.	https://www.northroomhome.com/product.html?title=Soft-sided%20wine%20cooler%20tote%20%E2%80%94%20greige	https://cdn.shopify.com/s/files/1/0626/5985/4545/files/nvewrdbepes2nk56jini.jpg?v=1764835706	https://cdn.shopify.com/s/files/1/0626/5985/4545/files/yntjl0vxusoqszfoaod7.jpg?v=1764835706,https://cdn.shopify.com/s/files/1/0626/5985/4545/files/k7ydswph11yctwdhuqkr_22bc98a3-b253-47ae-89b2-8af7b53db2d2.jpg?v=1764835706,https://cdn.shopify.com/s/files/1/0626/5985/4545/files/vowydiwh7rzlgakpnoxy.jpg?v=1764835706,https://cdn.shopify.com/s/files/1/0626/5985/4545/products/d699d9fadee8cc6a2b3a1311e9b41833fd298cce_9b38b7fd-04ac-4095-85a7-057e6776456a.jpg?v=1764835706,https://cdn.shopify.com/s/files/1/0626/5985/4545/products/ht9r2pye11ymrmedrlvs_d89292fd-f2ca-4eac-8ea1-7d0d47c26204.jpg?v=1764835706	in_stock	27.00 USD	new	Northroom	US:::5.99 USD	2507	Home > Outdoor
O-013	Hanging mesh food cover — natural dome, 1 piece	Hanging mesh food cover — natural dome Color: natural dome.	https://www.northroomhome.com/product.html?title=Hanging%20mesh%20food%20cover%20%E2%80%94%20natural%20dome	https://cdn.shopify.com/s/files/1/0690/8841/1875/files/img_91d14924-a428-46e0-ba65-a3cff3fad189.jpg?v=1777431991	https://cdn.shopify.com/s/files/1/0690/8841/1875/files/S80ea78e082a64ee1b8ec1627bb88fb59d.webp?v=1772870884,https://cdn.shopify.com/s/files/1/0690/8841/1875/files/img_76ca5c32-e61d-4100-8e44-0ebff63d8add.jpg?v=1777431991,https://cdn.shopify.com/s/files/1/0690/8841/1875/files/img_9ecdc32e-bdbc-493c-b6ca-c6224b5a1b64.jpg?v=1777431992,https://cdn.shopify.com/s/files/1/0690/8841/1875/files/S9f37a766a3bf46c4a36806e2bc6e08a7y.webp?v=1772870885,https://cdn.shopify.com/s/files/1/0690/8841/1875/files/S3bb67bc9c7cc45a784c597f959128b97E.webp?v=1772870885	in_stock	20.00 USD	new	Northroom	US:::5.99 USD	6481	Home > Outdoor
O-014	Folding side table — teak look compact, 1 piece	A quiet piece for a cream, simple home. Color: teak look compact. Teak-look wood. Packs or folds for easy storage. Quiet finish for cream and stone rooms. Wipe dry. Oil wood lightly if it feels dry. Keep out of standing water when possible.	https://www.northroomhome.com/product.html?title=Folding%20side%20table%20%E2%80%94%20teak%20look%20compact	https://cdn.shopify.com/s/files/1/0610/5645/0757/products/C26O_T20N_3cda206f-b5ab-42cf-8b8e-385fe645f257.jpg?v=1702585618	https://cdn.shopify.com/s/files/1/0610/5645/0757/products/T20N_5.jpg?v=1702585608,https://cdn.shopify.com/s/files/1/0610/5645/0757/products/T20N_1.jpg?v=1753278979,https://cdn.shopify.com/s/files/1/0610/5645/0757/products/T20N_4.jpg?v=1753278979,https://cdn.shopify.com/s/files/1/0610/5645/0757/products/T20N_2.jpg?v=1753278979,https://cdn.shopify.com/s/files/1/0610/5645/0757/products/T20N_3.jpg?v=1753278979	in_stock	44.00 USD	new	Northroom	US:::5.99 USD	2684	Home > Outdoor
O-016	Outdoor throw blanket — washed cotton stone, 1 piece	A calm picnic layer for grass, porch, or park. Color: washed cotton stone. Cotton. Calm everyday piece. Quiet finish for cream and stone rooms. Spot clean or gentle wash if the label allows. Air dry. Avoid high heat.	https://www.northroomhome.com/product.html?title=Outdoor%20throw%20blanket%20%E2%80%94%20washed%20cotton%20stone	https://cdn.shopify.com/s/files/1/0641/8432/0224/files/8Y0A0016_c9802915-041c-4fbb-a31d-4f7924988298.jpg?v=1773726867	https://cdn.shopify.com/s/files/1/0641/8432/0224/files/8Y0A0162_6c34b643-48a3-44e6-897e-4351ac553c84.jpg?v=1773726867,https://cdn.shopify.com/s/files/1/0641/8432/0224/files/8Y0A0158_825da32d-807e-41d6-985d-01e0e038676c.jpg?v=1773726867,https://cdn.shopify.com/s/files/1/0641/8432/0224/files/8Y0A0013_a737b0df-b6ec-425f-a52e-2dae3deaf07f.jpg?v=1773726867,https://cdn.shopify.com/s/files/1/0641/8432/0224/files/8Y0A0007_563dc700-0abb-4214-a145-2c891d68eb05.jpg?v=1773726867,https://cdn.shopify.com/s/files/1/0641/8432/0224/files/8Y0A0015_8f4d50e1-ded6-458b-b7c4-10ace74983f7.jpg?v=1773726867	in_stock	30.00 USD	new	Northroom	US:::5.99 USD	5910	Home > Outdoor
O-017	Stackable enamel mug pair — matte cream, 2 pieces	A matte cream stackable enamel mug pair. Includes: 2 pieces. Color: matte cream. Quiet piece for cream and stone rooms. Spot clean with mild soap. Air dry. Avoid soaking.	https://www.northroomhome.com/product.html?title=Stackable%20enamel%20mug%20pair%20%E2%80%94%20matte%20cream	https://m.media-amazon.com/images/I/61YQ741HY+S.jpg	https://m.media-amazon.com/images/I/51A+s1qk7sL.jpg,https://m.media-amazon.com/images/I/51e11RJt8CL.jpg,https://m.media-amazon.com/images/I/51yFmhMBN8L.jpg,https://m.media-amazon.com/images/I/71dOfMS1JYL.jpg,https://m.media-amazon.com/images/I/61bpiSeIoyL.jpg	in_stock	20.00 USD	new	Northroom	US:::5.99 USD	2169	Home > Outdoor
O-018	Portable hammock — sand with oak spreader, 1 piece	A quiet piece for a cream, simple home. Color: sand with oak spreader. Oak wood. Calm everyday piece. Quiet finish for cream and stone rooms. Wipe dry. Oil wood lightly if it feels dry. Keep out of standing water when possible.	https://www.northroomhome.com/product.html?title=Portable%20hammock%20%E2%80%94%20sand%20with%20oak%20spreader	https://m.media-amazon.com/images/I/71C50Y8394L.jpg	https://m.media-amazon.com/images/I/81l2AHPF1gL.jpg,https://m.media-amazon.com/images/I/81fHpajmHyL.jpg,https://m.media-amazon.com/images/I/71KMZEVfgxL.jpg,https://m.media-amazon.com/images/I/71ECtE3u-sL.jpg,https://m.media-amazon.com/images/I/81hs-7wbZ4L.jpg	in_stock	44.00 USD	new	Northroom	US:::5.99 USD	717	Home > Outdoor
O-019	Soft cooler backpack — muted olive, 1 piece	A quiet piece for a cream, simple home. Color: muted olive. Olive linen look. Calm everyday piece. Quiet finish for cream and stone rooms. Wipe clean with a soft cloth. Follow any care card in the box.	https://www.northroomhome.com/product.html?title=Soft%20cooler%20backpack%20%E2%80%94%20muted%20olive	https://m.media-amazon.com/images/I/91ch6cpm71L.jpg	https://m.media-amazon.com/images/I/71II3Mw-gwL.jpg,https://m.media-amazon.com/images/I/71TKrcgQ62L.jpg,https://m.media-amazon.com/images/I/71HLu4sMBHL.jpg,https://m.media-amazon.com/images/I/91kEVtUSV1L.jpg,https://m.media-amazon.com/images/I/91UAeT+4vbL.jpg	in_stock	40.00 USD	new	Northroom	US:::5.99 USD	2507	Home > Outdoor
O-022	Linen-look outdoor napkin set — stone four, 4 pieces	Stone linen-look napkins for outdoor tables. Includes: 4 pieces. Color: stone four. Linen look. Set of four. Solid stone/natural only. Spot clean or gentle wash if the label allows. Air dry. Avoid high heat.	https://www.northroomhome.com/product.html?title=Linen-look%20outdoor%20napkin%20set%20%E2%80%94%20stone%20four	https://cdn.shopify.com/s/files/1/0640/8454/1699/files/natural-linen-napkin-set.jpg?v=1769784763	https://cdn.shopify.com/s/files/1/0640/8454/1699/files/linen-napkin-set-natural-1.jpg?v=1769784763,https://cdn.shopify.com/s/files/1/0640/8454/1699/files/set-of-natural-linen-napkins-5_bbc08f29-2301-473e-98a2-1d74a916255a.jpg?v=1769784763,https://cdn.shopify.com/s/files/1/0640/8454/1699/files/set-of-natural-linen-napkins-4_3f1601ae-8642-4e09-a9af-1421bb9fb321.jpg?v=1769784763,https://cdn.shopify.com/s/files/1/0640/8454/1699/files/set-of-natural-linen-napkins-1_fb50e7a5-df00-46d5-a966-1836a2950da6.jpg?v=1769784763,https://cdn.shopify.com/s/files/1/0640/8454/1699/files/set-of-natural-linen-napkins-3_9696f709-344d-4330-94ed-2443e9ad379c.jpg?v=1769784763	in_stock	20.00 USD	new	Northroom	US:::5.99 USD	4203	Home > Outdoor
O-024	Roll-up cork picnic set — 12 piece sand (4 placemats, 4 trivets, 4 coasters)	A 12-piece cork table set for a calm outdoor meal. Includes: 4 placemats + 4 trivets + 4 coasters (12 pieces). Color: sand / natural cork (reversible light and smoked sides). Serves a 4-person table. Wipe with a damp cloth. Air dry. Avoid soaking.	https://www.northroomhome.com/product.html?title=Roll-up%20cork%20picnic%20set%20%E2%80%94%2012%20piece%20sand%20%284%20placemats%2C%204%20trivets%2C%204%20coasters%29	https://cdn.shopify.com/s/files/1/0241/6856/2743/products/21_10_Far_and_Away00087-2-Edit.png?v=1748814544	https://cdn.shopify.com/s/files/1/0241/6856/2743/products/21_10_Far_and_Away00040-2.png?v=1748814544,https://cdn.shopify.com/s/files/1/0241/6856/2743/products/21_10_Far_and_Away00023-00024-3.jpg?v=1748814544,https://cdn.shopify.com/s/files/1/0241/6856/2743/products/21_10_Far_and_Away-04185.jpg?v=1748814544,https://cdn.shopify.com/s/files/1/0241/6856/2743/products/21_10_Far_and_Away-04186.jpg?v=1748814544,https://cdn.shopify.com/s/files/1/0241/6856/2743/products/21_10_Far_and_Away00077-2.png?v=1748814547	in_stock	34.00 USD	new	Northroom	US:::5.99 USD	2547	Home > Outdoor
O-025	Shade canopy stake kit — linen panel sand, 1 piece	A sand linen shade canopy with ground stakes. Color: linen panel sand. Quiet piece for cream and stone rooms. Spot clean with mild soap. Air dry. Avoid soaking.	https://www.northroomhome.com/product.html?title=Shade%20canopy%20stake%20kit%20%E2%80%94%20linen%20panel%20sand	https://m.media-amazon.com/images/I/61SP7aDPGTL.jpg	https://m.media-amazon.com/images/I/81lplBG2sWL.jpg,https://m.media-amazon.com/images/I/71YJVypu-oL.jpg,https://m.media-amazon.com/images/I/81S-bDIo3lL.jpg,https://m.media-amazon.com/images/I/81KHSHEZI1L.jpg,https://m.media-amazon.com/images/I/81zLOS9V7vL.jpg	in_stock	47.00 USD	new	Northroom	US:::5.99 USD	719	Home > Outdoor
O-026	Rechargeable mason-style lantern — frosted warm, 1 piece	Soft outdoor glow without a fussy setup. Color: frosted warm. Frosted glass / plastic. Rechargeable for flexible placement. Quiet finish for cream and stone rooms. Wipe clean. Charge as directed. Keep dry when charging indoors.	https://www.northroomhome.com/product.html?title=Rechargeable%20mason-style%20lantern%20%E2%80%94%20frosted%20warm	https://cdn.shopify.com/s/files/1/1199/8814/products/79757_sun-jar-yellow_2795e0b6-137d-4ced-96b6-e5f38bb84ff9.jpg?v=1760557830	https://cdn.shopify.com/s/files/1/1199/8814/products/196784c1d90b94a2602e3a382720fba3_6bde0886-1bd1-44c9-8e02-6b4baaf59d15.jpg?v=1760557830,https://cdn.shopify.com/s/files/1/1199/8814/products/80567_sun-jar-pink_930ac944-7172-42ea-b4ec-9888c5b12d59.jpg?v=1760557830,https://cdn.shopify.com/s/files/1/1199/8814/products/72381_sk-sunjar-off_23887758-ec02-47cf-babe-f014a5f91afc.jpg?v=1760557830,https://cdn.shopify.com/s/files/1/1199/8814/products/80570_sun-jar-blue_c890550d-b537-4cab-a406-bb0a16352227.jpg?v=1760557830,https://cdn.shopify.com/s/files/1/1199/8814/products/82839_sunjaryellowwithpotsdsc-4432_e3f9f209-a84a-412b-8653-7d1f2093a760.jpg?v=1760557830	in_stock	33.00 USD	new	Northroom	US:::5.99 USD	1019	Home > Outdoor
O-027	Packable linen picnic cloth — sand large, 1 piece	A calm picnic layer for grass, porch, or park. Color: sand large. Linen look. Packs or folds for easy storage. Quiet finish for cream and stone rooms. Spot clean or gentle wash if the label allows. Air dry. Avoid high heat.	https://www.northroomhome.com/product.html?title=Packable%20linen%20picnic%20cloth%20%E2%80%94%20sand%20large	https://cdn.shopify.com/s/files/1/0692/5295/files/ivorymatmaxisquareholding-4201a1ac-834b-4b64-887d-2e34b39fd121.jpg?v=1752000545	https://cdn.shopify.com/s/files/1/0692/5295/files/ivorymatmaxisquareoverhead-f6171715-9611-4032-8b99-195d43601f91.jpg?v=1752000545,https://cdn.shopify.com/s/files/1/0692/5295/files/ivorymatmaxicircleoverhead-c3d1057b-252e-4b3a-b2fc-546037cfc6c1.jpg?v=1752000545,https://cdn.shopify.com/s/files/1/0692/5295/files/ivorymatmaxicircleholding-13778941-5b18-47be-952d-f23f1b0249d8.jpg?v=1752000545,https://cdn.shopify.com/s/files/1/0692/5295/files/ivorymatdeboss-bb60de66-18da-46b6-8cba-40eb44750445.jpg?v=1752000545,https://cdn.shopify.com/s/files/1/0692/5295/files/ivorymattabdetail-34d4f64a-63a7-49c5-b2b5-397f16c83734.jpg?v=1752000545	in_stock	35.00 USD	new	Northroom	US:::5.99 USD	5910	Home > Outdoor
O-029	Insulated stone cooler tote — rectangular, 1 piece	A quiet bag for food and drink on the go. Color: rectangular. Calm everyday piece. Quiet finish for cream and stone rooms. Wipe clean with a soft cloth. Follow any care card in the box.	https://www.northroomhome.com/product.html?title=Insulated%20stone%20cooler%20tote%20%E2%80%94%20rectangular	https://m.media-amazon.com/images/I/81lqsxoo6FL.jpg	https://m.media-amazon.com/images/I/61mMTZCBz7L.jpg,https://m.media-amazon.com/images/I/71hNuepSTKL.jpg,https://m.media-amazon.com/images/I/71xr0OH+-WL.jpg,https://m.media-amazon.com/images/I/71y5hNdnijL.jpg,https://m.media-amazon.com/images/I/718xXWqVi9L.jpg	in_stock	40.00 USD	new	Northroom	US:::5.99 USD	2507	Home > Outdoor
O-031	Teak-look folding tray table — compact, 1 piece	A compact folding tray for drinks outside. Color: compact. Teak-look wood. Packs or folds for easy storage. Quiet finish for cream and stone rooms. Wipe dry. Oil wood lightly if it feels dry. Keep out of standing water when possible.	https://www.northroomhome.com/product.html?title=Teak-look%20folding%20tray%20table%20%E2%80%94%20compact	https://cdn.shopify.com/s/files/1/0534/2278/4670/files/391167-front-right.webp?v=1776706222	https://cdn.shopify.com/s/files/1/0534/2278/4670/files/391167-props.webp?v=1776706222,https://cdn.shopify.com/s/files/1/0534/2278/4670/files/391167-fold-front.webp?v=1776706222,https://cdn.shopify.com/s/files/1/0534/2278/4670/files/391167-fold-extended.webp?v=1776706222,https://cdn.shopify.com/s/files/1/0534/2278/4670/files/391167-features.webp?v=1776706222,https://cdn.shopify.com/s/files/1/0534/2278/4670/files/391167-dimensions.webp?v=1776706222	in_stock	50.00 USD	new	Northroom	US:::0.00 USD	2684	Home > Outdoor
O-032	Cotton outdoor floor cushion — sand square, 1 piece	A low outdoor cushion for porch or picnic. Color: sand square. Cotton. Calm everyday piece. Quiet finish for cream and stone rooms. Spot clean or gentle wash if the label allows. Air dry. Avoid high heat.	https://www.northroomhome.com/product.html?title=Cotton%20outdoor%20floor%20cushion%20%E2%80%94%20sand%20square	https://cdn.shopify.com/s/files/1/0687/0197/8853/files/IMG_7634.jpg?v=1770036780	https://cdn.shopify.com/s/files/1/0687/0197/8853/files/LEMPI-floor-cushion-sand.jpg?v=1735557264,https://cdn.shopify.com/s/files/1/0687/0197/8853/files/1_cba2c83e-fac5-4a39-a855-d9b17385a4cd.jpg?v=1770036780,https://cdn.shopify.com/s/files/1/0687/0197/8853/files/LEMPI-floor-cushion-sand-1.jpg?v=1770036765,https://cdn.shopify.com/s/files/1/0687/0197/8853/files/LEMPI-cover-sand-1.jpg?v=1770036765,https://cdn.shopify.com/s/files/1/0687/0197/8853/files/LEMPI-cover-sand-2.jpg?v=1770036765	in_stock	35.00 USD	new	Northroom	US:::5.99 USD	4453	Home > Outdoor
O-033	Enamel picnic plate set — matte bone four, 4 pieces	A calm picnic layer for grass, porch, or park. Includes: 4 matte bone enamel picnic plates. Color: matte bone four. Quiet finish for cream and stone rooms. Spot clean or gentle wash if the label allows. Air dry. Avoid high heat.	https://www.northroomhome.com/product.html?title=Enamel%20picnic%20plate%20set%20%E2%80%94%20matte%20bone%20four	https://m.media-amazon.com/images/I/71CcDn9HvbL.jpg	https://m.media-amazon.com/images/I/81tJ3XpD6UL.jpg,https://m.media-amazon.com/images/I/81RfrkoHLPL.jpg,https://m.media-amazon.com/images/I/81t4kAEEMrL.jpg,https://m.media-amazon.com/images/I/71Bp9K0OJPL.jpg,https://m.media-amazon.com/images/I/71zV7QA4YdL.jpg	in_stock	34.00 USD	new	Northroom	US:::5.99 USD	3553	Home > Outdoor
O-034	Canvas firewood carrier — charcoal sling, 1 piece	A quiet piece for a cream, simple home. Color: charcoal sling. Canvas. Calm everyday piece. Quiet finish for cream and stone rooms. Wipe dry. Oil wood lightly if it feels dry. Keep out of standing water when possible.	https://www.northroomhome.com/product.html?title=Canvas%20firewood%20carrier%20%E2%80%94%20charcoal%20sling	https://cdn.shopify.com/s/files/1/0503/9374/3552/files/wood-carrier-1W_5x7_fe2cbc1e-5b66-49b3-a342-fda678b9b1b3.jpg?v=1749135051	https://cdn.shopify.com/s/files/1/0503/9374/3552/products/Log_Carrier_Chrcl-1w.jpg?v=1749135051,https://cdn.shopify.com/s/files/1/0503/9374/3552/products/wood-carrier-sideview-1w_6599afac-adaa-4363-a8ac-c696e53dcfcf.jpg?v=1749135051,https://cdn.shopify.com/s/files/1/0503/9374/3552/products/Canvas-log-carrier-4ig_122bcec6-1be1-451b-94ea-07fd1e83e541.jpg?v=1749135051,https://cdn.shopify.com/s/files/1/0503/9374/3552/products/Canvas_log_carrier-2ig_0d02bffe-ce34-4680-b408-af01f7a2e03a.jpg?v=1749135051,https://cdn.shopify.com/s/files/1/0503/9374/3552/products/Canvas-log-carrier-5w_6ee57aa4-98a0-452f-885c-ec4c0ec641cd.jpg?v=1749135051	in_stock	29.00 USD	new	Northroom	US:::5.99 USD	636	Home > Outdoor
O-035	Portable Bluetooth lantern speaker — soft glow, 1 piece	Soft outdoor glow without a fussy setup. Color: soft glow. Calm everyday piece. Quiet finish for cream and stone rooms. Wipe clean. Charge as directed. Keep dry when charging indoors.	https://www.northroomhome.com/product.html?title=Portable%20Bluetooth%20lantern%20speaker%20%E2%80%94%20soft%20glow	https://cdn.shopify.com/s/files/1/0045/1297/2890/files/BND-1474_BlockTowerLantern-Speaker_PDP_02.jpg?v=1765420610	https://cdn.shopify.com/s/files/1/0045/1297/2890/files/BND-1474_BlockTowerLantern-Speaker_PDP_01.jpg?v=1765420604,https://cdn.shopify.com/s/files/1/0045/1297/2890/files/LIV-223_BlockTowerLantern_PDP_01.jpg?v=1765406487,https://cdn.shopify.com/s/files/1/0045/1297/2890/files/LIV-222_BlockTowerSpeaker_PDP_01.jpg?v=1765406487,https://cdn.shopify.com/s/files/1/0045/1297/2890/files/BlockTowerSystem_PDP_05.jpg?v=1765406487,https://cdn.shopify.com/s/files/1/0045/1297/2890/files/LIV-223_BlockTowerBlockTowerLantern_LS_01.jpg?v=1765406487	in_stock	48.00 USD	new	Northroom	US:::5.99 USD	1019	Home > Outdoor
O-036	Linen-look outdoor pillow covers — olive pair, 2 pieces	A quiet piece for a cream, simple home. Includes: 2 pieces. Linen look. Quiet finish for cream and stone rooms. Spot clean or gentle wash if the label allows. Air dry. Avoid high heat.	https://www.northroomhome.com/product.html?title=Linen-look%20outdoor%20pillow%20covers%20%E2%80%94%20olive%20pair	https://cdn.shopify.com/s/files/1/0640/8454/1699/products/matcha-green-linen-pillowcase-01.jpg?v=1675693828	https://cdn.shopify.com/s/files/1/0640/8454/1699/products/matcha-green-linen-pillowcase-1_73ee6191-fa6d-4b57-a714-9f395ab6172a.jpg?v=1700417648,https://cdn.shopify.com/s/files/1/0640/8454/1699/products/matcha-green-linen-pillowcase-2_6ead55f2-56f0-43e9-8c93-c91c4fccee12.jpg?v=1700417648,https://cdn.shopify.com/s/files/1/0640/8454/1699/products/matcha-green-linen-pillowcase-3_b57f6de3-ab24-4fc1-9ac3-91e4ea8159f6.jpg?v=1700417648,https://cdn.shopify.com/s/files/1/0640/8454/1699/products/matcha-green-linen-pillowcase-4_ac79a904-6c8b-480b-95fd-a73f21d397fa.jpg?v=1700417648	in_stock	25.00 USD	new	Northroom	US:::5.99 USD	4454	Home > Outdoor
O-037	Bamboo outdoor serving tray — long handled, 1 piece	A small landing spot that keeps the table calm. Color: long handled. Bamboo. Calm everyday piece. Quiet finish for cream and stone rooms. Wipe dry. Oil wood lightly if it feels dry. Keep out of standing water when possible.	https://www.northroomhome.com/product.html?title=Bamboo%20outdoor%20serving%20tray%20%E2%80%94%20long%20handled	https://cdn.shopify.com/s/files/1/0583/6731/2067/products/bdst-001-08.jpg?v=1680019613	https://cdn.shopify.com/s/files/1/0583/6731/2067/files/bdst-001-26.jpg?v=1757362036,https://cdn.shopify.com/s/files/1/0583/6731/2067/products/bdst-lifestyle-e_a54ef731-21a1-46c7-82b8-240d14ed64e5.jpg?v=1757362036,https://cdn.shopify.com/s/files/1/0583/6731/2067/products/bdst-001-08-size.jpg?v=1757362036,https://cdn.shopify.com/s/files/1/0583/6731/2067/products/bdst-infographic-a_466e63a6-b183-40d5-8e40-fbf41811a171.jpg?v=1757362036,https://cdn.shopify.com/s/files/1/0583/6731/2067/products/bdst-infographic-b_50dfbb11-b33d-4b13-aa0d-7765bb67cb63.jpg?v=1757362036	in_stock	32.00 USD	new	Northroom	US:::5.99 USD	4009	Home > Outdoor
O-038	Collapsible silicone wine tumbler pair — sand, 2 pieces	Simple outdoor table tools that pack away clean. Includes: 2 pieces. Color: sand. Silicone. Quiet finish for cream and stone rooms. Wash with mild soap. Air dry. Avoid open flame.	https://www.northroomhome.com/product.html?title=Collapsible%20silicone%20wine%20tumbler%20pair%20%E2%80%94%20sand	https://cdn.shopify.com/s/files/1/0642/7797/1169/products/wineglasses1.jpg?v=1671754379	https://cdn.shopify.com/s/files/1/0642/7797/1169/products/wineglasses2.jpg?v=1671754391,https://cdn.shopify.com/s/files/1/0642/7797/1169/products/wineglasses3.jpg?v=1671754398,https://cdn.shopify.com/s/files/1/0642/7797/1169/products/wineglasses4.jpg?v=1671754404,https://cdn.shopify.com/s/files/1/0642/7797/1169/products/wineglasses5.jpg?v=1671754411,https://cdn.shopify.com/s/files/1/0642/7797/1169/products/wineglasses6.jpg?v=1671754417	in_stock	23.00 USD	new	Northroom	US:::5.99 USD	2951	Home > Outdoor
O-039	Shade sail rectangle — warm sand, 1 piece	A quiet piece for a cream, simple home. Color: warm sand. Calm everyday piece. Quiet finish for cream and stone rooms. Wipe clean with a soft cloth. Follow any care card in the box.	https://www.northroomhome.com/product.html?title=Shade%20sail%20rectangle%20%E2%80%94%20warm%20sand	https://cdn.shopify.com/s/files/1/0783/8819/9770/files/de-coco-shade-driehoekig-naturel-350x350-1.jpg?v=1712237415	https://cdn.shopify.com/s/files/1/0783/8819/9770/files/de-coco-shade-driehoekig-naturel-350x350-2.jpg?v=1712237418,https://cdn.shopify.com/s/files/1/0783/8819/9770/files/de-coco-shade-driehoekig-naturel-350x350-3.jpg?v=1712237422,https://cdn.shopify.com/s/files/1/0783/8819/9770/files/de-coco-shade-driehoekig-naturel-350x350-4.jpg?v=1712237425,https://cdn.shopify.com/s/files/1/0783/8819/9770/files/de-coco-shade-driehoekig-naturel-350x350-5.jpg?v=1712237428,https://cdn.shopify.com/s/files/1/0783/8819/9770/files/de-coco-shade-driehoekig-naturel-350x350-6.jpg?v=1712237431	in_stock	55.00 USD	new	Northroom	US:::0.00 USD	719	Home > Outdoor
O-040	Ceramic citronella bowl — matte sand, 1 piece	A calm picnic layer for grass, porch, or park. Color: matte sand. Ceramic. Calm everyday piece. Quiet finish for cream and stone rooms. Wipe with a soft dry cloth. Avoid harsh cleaners and thermal shock on ceramics.	https://www.northroomhome.com/product.html?title=Ceramic%20citronella%20bowl%20%E2%80%94%20matte%20sand	https://m.media-amazon.com/images/I/410j8S1dSNL.jpg	https://m.media-amazon.com/images/I/51uszT545eL.jpg,https://m.media-amazon.com/images/I/61K9FMWuASL.jpg,https://m.media-amazon.com/images/I/41t4Z9zDdML.jpg,https://m.media-amazon.com/images/I/517SgoCbpqL.jpg,https://m.media-amazon.com/images/I/51nlxa08P4L.jpg	in_stock	30.00 USD	new	Northroom	US:::5.99 USD	588	Home > Outdoor
O-041	Packable hammock chair — stone canvas, 1 piece	A quiet piece for a cream, simple home. Color: stone canvas. Canvas. Packs or folds for easy storage. Quiet finish for cream and stone rooms. Spot clean or gentle wash if the label allows. Air dry. Avoid high heat.	https://www.northroomhome.com/product.html?title=Packable%20hammock%20chair%20%E2%80%94%20stone%20canvas	https://m.media-amazon.com/images/I/612HJ9FnoBL.jpg	https://m.media-amazon.com/images/I/71NfgOz69eL.jpg,https://m.media-amazon.com/images/I/713OyDGFKAL.jpg,https://m.media-amazon.com/images/I/71ZjG03UhZL.jpg,https://m.media-amazon.com/images/I/81HnUQXaAxL.jpg,https://m.media-amazon.com/images/I/61O0HbscG0L.jpg	in_stock	46.00 USD	new	Northroom	US:::5.99 USD	717	Home > Outdoor
O-042	Outdoor throw — washed cotton charcoal edge, 1 piece	A quiet piece for a cream, simple home. Color: washed cotton charcoal edge. Cotton. Calm everyday piece. Quiet finish for cream and stone rooms. Spot clean or gentle wash if the label allows. Air dry. Avoid high heat.	https://www.northroomhome.com/product.html?title=Outdoor%20throw%20%E2%80%94%20washed%20cotton%20charcoal%20edge	https://cdn.shopify.com/s/files/1/0641/8432/0224/files/CottonThrowBlanket-LightweightWaffleWeaveBlanketGreen_15.jpg?v=1783494660	https://cdn.shopify.com/s/files/1/0641/8432/0224/files/CottonThrowBlanket-LightweightWaffleWeaveBlanketGreen_9.jpg?v=1783494660,https://cdn.shopify.com/s/files/1/0641/8432/0224/files/CottonThrowBlanket-LightweightWaffleWeaveBlanketGreen_1.jpg?v=1783494660,https://cdn.shopify.com/s/files/1/0641/8432/0224/files/CottonThrowBlanket-LightweightWaffleWeaveBlanketGreen_10.jpg?v=1783494659,https://cdn.shopify.com/s/files/1/0641/8432/0224/files/CottonThrowBlanket-LightweightWaffleWeaveBlanketGreen_3.jpg?v=1783494660,https://cdn.shopify.com/s/files/1/0641/8432/0224/files/CottonThrowBlanket-LightweightWaffleWeaveBlanketGreen_13.jpg?v=1783494659	in_stock	35.00 USD	new	Northroom	US:::5.99 USD	5910	Home > Outdoor
O-043	Minimal aluminum side table — birch top quiet, 1 piece	Quiet aluminum side table with birch top. Color: birch top quiet. Aluminum frame. Birch top. Folds compact. Wipe dry. Oil wood lightly if it feels dry. Keep out of standing water when possible.	https://www.northroomhome.com/product.html?title=Minimal%20aluminum%20side%20table%20%E2%80%94%20birch%20top%20quiet	https://cdn.shopify.com/s/files/1/0534/2278/4670/files/39126-front-right.webp?v=1776706222	https://cdn.shopify.com/s/files/1/0534/2278/4670/files/39126-side.webp?v=1776706222,https://cdn.shopify.com/s/files/1/0534/2278/4670/files/39126-fold-front.webp?v=1776706222,https://cdn.shopify.com/s/files/1/0534/2278/4670/files/39126-fold-extended.webp?v=1776706222,https://cdn.shopify.com/s/files/1/0534/2278/4670/files/39126-fold-side.webp?v=1776706222,https://cdn.shopify.com/s/files/1/0534/2278/4670/files/39126-infographic1.webp?v=1776706222	in_stock	45.00 USD	new	Northroom	US:::5.99 USD	2684	Home > Outdoor
O-044	Mesh food dome — wire matte cream, 1 piece	A cream wire mesh food dome that keeps picnic plates calm and covered. Color: wire matte cream. Iron / metal wire mesh. Matte cream finish. Food dome for outdoor table. Wipe dry. Avoid soaking. Spot clean if needed.	https://www.northroomhome.com/product.html?title=Mesh%20food%20dome%20%E2%80%94%20wire%20matte%20cream	https://m.media-amazon.com/images/I/51FwxNjd5JL.jpg	https://m.media-amazon.com/images/I/51gfiItzC2L.jpg,https://m.media-amazon.com/images/I/61qsFZY377L.jpg,https://m.media-amazon.com/images/I/612bYvU75bL.jpg,https://m.media-amazon.com/images/I/61jD3WyAbuL.jpg,https://m.media-amazon.com/images/I/81SQcJN3HQL.jpg	in_stock	27.00 USD	new	Northroom	US:::5.99 USD	6481	Home > Outdoor
O-045	Insulated bottle carrier — olive sling, 1 piece	A quiet piece for a cream, simple home. Color: olive sling. Olive linen look. Calm everyday piece. Quiet finish for cream and stone rooms. Wipe clean with a soft cloth. Follow any care card in the box.	https://www.northroomhome.com/product.html?title=Insulated%20bottle%20carrier%20%E2%80%94%20olive%20sling	https://cdn.shopify.com/s/files/1/0783/8819/9770/files/369133-0.jpg?v=1773656550	https://cdn.shopify.com/s/files/1/0783/8819/9770/files/369133-1.jpg?v=1773656549,https://cdn.shopify.com/s/files/1/0783/8819/9770/files/369133-2.jpg?v=1773656550,https://cdn.shopify.com/s/files/1/0783/8819/9770/files/369133-3.jpg?v=1773656550,https://cdn.shopify.com/s/files/1/0783/8819/9770/files/369133-4.jpg?v=1773656550,https://cdn.shopify.com/s/files/1/0783/8819/9770/files/369133-5.jpg?v=1773656550	in_stock	23.00 USD	new	Northroom	US:::5.99 USD	2507	Home > Outdoor
O-047	Cork picnic wine carrier — dual bottle sand, 1 piece	A calm picnic layer for grass, porch, or park. Includes: 1 dual-bottle cork wine carrier (holds 2 bottles). Calm everyday piece. Quiet finish for cream and stone rooms. Wipe clean with a soft cloth. Follow any care card in the box.	https://www.northroomhome.com/product.html?title=Cork%20picnic%20wine%20carrier%20%E2%80%94%20dual%20bottle%20sand	https://www.northroomhome.com/images/catalog/O-047_0.jpg	https://www.northroomhome.com/images/catalog/O-047_1.jpg,https://www.northroomhome.com/images/catalog/O-047_2.jpg	in_stock	33.00 USD	new	Northroom	US:::5.99 USD	6449	Home > Outdoor
O-048	Outdoor floor pouf — woven sand, 1 piece	A quiet piece for a cream, simple home. Color: woven sand. Calm everyday piece. Quiet finish for cream and stone rooms. Dust or wipe gently. Keep dry. Avoid soaking.	https://www.northroomhome.com/product.html?title=Outdoor%20floor%20pouf%20%E2%80%94%20woven%20sand	https://cdn.shopify.com/s/files/1/0692/5295/files/CamelPoufs94.jpg?v=1736948076	https://cdn.shopify.com/s/files/1/0692/5295/files/CamelPoufs92.jpg?v=1736948076,https://cdn.shopify.com/s/files/1/0692/5295/files/CamelPoufs91.jpg?v=1736948076,https://cdn.shopify.com/s/files/1/0692/5295/files/gathre-storage-120-00d23554-d524-49b0-9e78-b87a9948172e.jpg?v=1736948076,https://cdn.shopify.com/s/files/1/0692/5295/files/untannedpoufsquaresideview.jpg?v=1736948076,https://cdn.shopify.com/s/files/1/0692/5295/files/untannedpoufsquaredetail.jpg?v=1736948076	in_stock	44.00 USD	new	Northroom	US:::5.99 USD	4453	Home > Outdoor
O-049	Compact birch picnic bench — natural birch, 1 piece	A compact Baltic birch picnic bench that packs flat for porch or park. Baltic birch frame. Tool-free flat-pack (packs flat; not a hinge-fold table). Quiet finish for cream and stone rooms. Wipe dry. Oil wood lightly if it feels dry. Keep out of standing water when possible.	https://www.northroomhome.com/product.html?title=Compact%20birch%20picnic%20bench	https://cdn.shopify.com/s/files/1/0812/1807/6950/files/bench-Edit.jpg?v=1769191139	https://cdn.shopify.com/s/files/1/0812/1807/6950/files/beeench.jpg?v=1769191139,https://cdn.shopify.com/s/files/1/0812/1807/6950/files/bench3.jpg?v=1769191139,https://cdn.shopify.com/s/files/1/0812/1807/6950/files/b3nch5.jpg?v=1769191139,https://cdn.shopify.com/s/files/1/0812/1807/6950/files/240520.23.jpg?v=1769191139,https://cdn.shopify.com/s/files/1/0812/1807/6950/files/240520.24.jpg?v=1769191139	in_stock	65.00 USD	new	Northroom	US:::0.00 USD	4299	Home > Outdoor
O-050	Soft-glow solar table lamp — ceramic look bone, 1 piece	A quiet piece for a cream, simple home. Color: ceramic look bone. Ceramic. Solar powered for evening use. Quiet finish for cream and stone rooms. Wipe with a soft dry cloth. Avoid harsh cleaners and thermal shock on ceramics.	https://www.northroomhome.com/product.html?title=Soft-glow%20solar%20table%20lamp%20%E2%80%94%20ceramic%20look%20bone	https://cdn.shopify.com/s/files/1/0783/8819/9770/files/lt01_tischleuchte_oscar_pure_ambiente_1880x1060px_17cef31e_1000x1000_1.png?v=1725975344	https://cdn.shopify.com/s/files/1/0783/8819/9770/files/lt01_pure_tischleuchte-oscar_ambiente_03_2021_1880x1060px_d244257e_1000x1000_1.png?v=1725975344,https://cdn.shopify.com/s/files/1/0783/8819/9770/files/lt01_pure_tischleuchte_oscar_ambiente_06_2021_9604618f_1000x1000_1.png?v=1725975344,https://cdn.shopify.com/s/files/1/0783/8819/9770/files/lt01_pure_tischleuchte_oscar_detail_01_2021_1880x1060px_679e131f_1000x1000_1.png?v=1725975342,https://cdn.shopify.com/s/files/1/0783/8819/9770/files/lt01_pure_tischleuchte_oscar_ambiente_01_2022_7e32c28a_1000x1000_1.png?v=1725975342,https://cdn.shopify.com/s/files/1/0783/8819/9770/files/lt01_lt02_lt03_oscar_tischleuchte_ambiente_02_2022_2_71259176_1000x1000_1.png?v=1719309346	in_stock	35.00 USD	new	Northroom	US:::5.99 USD	4636	Home > Outdoor
T-003	Everyday linen table runner with napkin set — light brown, 1 set	Everyday linen table runner with napkin set Color: light brown. Includes: set. Material: linen.	https://www.northroomhome.com/product.html?title=Everyday%20linen%20table%20runner%20with%20napkin%20set%20%E2%80%94%20light%20brown	https://cdn.shopify.com/s/files/1/0640/8454/1699/files/natural-linen-table-runner.jpg?v=1770121812	https://cdn.shopify.com/s/files/1/0640/8454/1699/files/Natural-table-runner2.jpg?v=1770121828,https://cdn.shopify.com/s/files/1/0640/8454/1699/files/Natural-table-runner-22.jpg?v=1770121829,https://cdn.shopify.com/s/files/1/0927/0217/9602/files/fine-dining-4-home-linen-runner-napkins.jpg?v=1769576294,https://cdn.shopify.com/s/files/1/0927/0217/9602/files/table-runner-napkins-linen-honey.jpg?v=1768973187,https://cdn.shopify.com/s/files/1/0927/0217/9602/files/fine-dining-4-home-table-setting-linen-runner-napkins.jpg?v=1769576294	in_stock	28.00 USD	new	Northroom	US:::5.99 USD	6325	Home > Textile
